Rk,Player,Age,Team,Lg,WAR,G,PA,AB,R,H,2B,3B,HR,RBI,SB,CS,BB,SO,BA,OBP,SLG,OPS,OPS+,rOBA,Rbat+,TB,GIDP,HBP,SH,SF,IBB
1,Aaron Judge,32,NYY,AL,8.1,119,533,422,93,140,27,1,42,107,6,0,101,129,0.332,0.466,0.699,1.165,221,0.486,222,295,16,7,0,2,14
2,Shohei Ohtani,29,LAD,NL,6.1,117,535,461,90,137,29,5,37,86,33,4,65,119,0.297,0.385,0.623,1.007,180,0.432,178,287,6,3,0,4,8
3,Anthony Santander,29,BAL,AL,2.9,115,492,444,72,108,19,2,36,80,2,0,37,94,0.243,0.309,0.538,0.847,139,0.359,137,239,5,7,0,4,0
4,Marcell Ozuna,33,ATL,NL,3.7,119,505,448,73,135,23,0,35,90,0,0,50,126,0.301,0.372,0.587,0.959,161,0.406,161,263,17,3,0,4,1
5,Juan Soto,25,NYY,AL,7.3,117,539,434,100,133,24,4,33,86,5,2,99,82,0.306,0.434,0.608,1.042,189,0.441,189,264,7,2,0,4,0
6,José Ramírez,31,CLE,AL,4.6,117,506,464,89,131,27,1,31,97,26,3,37,63,0.282,0.334,0.545,0.879,141,0.376,136,253,6,1,0,4,9
7,Ketel Marte,30,ARI,NL,6,114,496,433,81,129,20,2,30,81,6,1,51,89,0.298,0.369,0.561,0.93,157,0.396,156,243,8,3,0,9,6
8,Gunnar Henderson,23,BAL,AL,7.2,118,537,470,94,135,23,6,29,69,14,2,59,119,0.287,0.372,0.547,0.919,162,0.395,161,257,2,6,0,2,1
9,Brent Rooker,29,OAK,AL,3.9,105,436,386,61,113,21,2,29,83,7,1,43,129,0.293,0.367,0.583,0.95,168,0.405,168,225,3,4,0,3,2
10,Kyle Schwarber,31,PHI,NL,3.1,108,502,405,81,103,14,0,27,74,5,3,86,137,0.254,0.384,0.489,0.873,145,0.378,146,198,3,4,0,7,3
11,Bryce Harper,31,PHI,NL,3.5,104,459,398,64,111,25,0,26,72,5,4,59,100,0.279,0.37,0.538,0.908,153,0.381,149,214,13,0,0,2,10
12,Teoscar Hernández,31,LAD,NL,3.3,118,503,457,66,124,26,1,26,79,6,2,39,139,0.271,0.335,0.503,0.838,134,0.368,138,230,7,5,0,1,1
13,Josh Naylor,27,CLE,AL,1.4,112,468,413,67,102,18,0,26,87,5,2,45,81,0.247,0.328,0.479,0.807,123,0.348,122,198,13,6,0,3,6
14,Cal Raleigh,27,SEA,AL,3.4,113,449,391,52,85,12,0,26,76,5,0,50,134,0.217,0.31,0.448,0.757,119,0.325,115,175,5,4,0,4,4
15,Corey Seager,30,TEX,AL,4.4,107,462,408,60,112,15,0,26,63,1,1,49,81,0.275,0.355,0.502,0.857,141,0.359,136,205,7,3,0,2,10
16,Pete Alonso,29,NYM,NL,1.9,119,515,455,67,109,26,0,25,65,3,0,50,118,0.24,0.324,0.462,0.786,123,0.339,120,210,13,8,0,2,4
17,Yordan Alvarez,27,HOU,AL,3.8,114,492,425,70,130,28,2,25,64,5,0,55,75,0.306,0.394,0.558,0.952,167,0.401,163,237,11,9,0,3,13
18,Rafael Devers,27,BOS,AL,4.2,105,461,401,75,120,31,5,25,72,2,0,53,108,0.299,0.38,0.589,0.968,161,0.403,158,236,10,2,0,5,12
19,Vladimir Guerrero Jr.,25,TOR,AL,4.3,119,519,460,71,147,31,1,24,77,2,2,52,76,0.32,0.391,0.548,0.939,163,0.4,164,252,13,4,0,3,4
20,Jake Burger,28,MIA,NL,0.7,97,406,375,50,94,13,1,23,54,0,1,23,110,0.251,0.3,0.475,0.775,108,0.335,108,178,9,5,0,3,0
21,Christian Walker,33,ARI,NL,2.6,107,461,401,62,102,20,0,23,71,2,2,48,114,0.254,0.338,0.476,0.815,126,0.345,121,191,10,6,0,6,4
22,Bobby Witt Jr.,24,KCR,AL,7.7,120,527,478,101,166,33,11,23,88,25,11,36,81,0.347,0.395,0.607,1.001,172,0.423,173,290,3,6,0,7,4
23,Shea Langeliers,26,OAK,AL,2.5,100,386,350,42,79,14,2,22,61,4,2,28,105,0.226,0.288,0.466,0.753,112,0.322,110,163,10,4,0,4,2
24,Francisco Lindor,30,NYM,NL,4.8,119,543,485,77,127,30,0,22,67,24,4,44,97,0.262,0.335,0.46,0.795,126,0.356,128,223,6,11,0,3,0
25,Tyler O'Neill,29,BOS,AL,2.3,80,342,298,59,80,16,0,22,45,3,0,38,109,0.268,0.357,0.544,0.9,143,0.382,141,162,9,4,0,2,5
26,Salvador Perez,34,KCR,AL,2.6,117,476,432,49,121,20,0,22,79,0,0,33,95,0.28,0.34,0.479,0.82,124,0.348,120,207,13,8,0,3,8
27,Willy Adames,28,MIL,NL,2.5,119,514,454,67,115,27,0,21,80,13,3,56,126,0.253,0.335,0.452,0.786,117,0.344,115,205,11,1,0,3,2
28,Elly De La Cruz,22,CIN,NL,4.2,118,511,451,78,119,27,7,21,51,59,11,52,160,0.264,0.348,0.494,0.842,131,0.387,136,223,9,6,2,0,2
29,Alec Burleson,25,STL,NL,1.1,111,438,408,54,112,15,0,20,67,7,3,19,58,0.275,0.308,0.458,0.766,110,0.335,111,187,5,3,1,5,0
30,Brenton Doyle,26,COL,NL,3,116,471,423,66,112,19,3,20,60,23,5,36,126,0.265,0.323,0.466,0.789,112,0.347,110,197,10,3,4,5,1
31,Ian Happ,29,CHC,NL,2.8,114,477,408,66,94,25,1,20,67,8,2,62,129,0.23,0.338,0.444,0.781,117,0.342,116,181,6,5,0,2,1
32,Rhys Hoskins,31,MIL,NL,0.2,94,379,331,41,76,11,0,20,59,3,0,36,101,0.23,0.312,0.444,0.756,108,0.326,103,147,9,6,0,5,1
33,Matt Olson,30,ATL,NL,1.8,119,500,444,51,102,24,1,20,61,0,0,45,138,0.23,0.308,0.423,0.731,101,0.321,99,188,10,7,0,4,3
34,Giancarlo Stanton,34,NYY,AL,0.6,80,325,300,38,73,13,0,20,52,0,0,23,97,0.243,0.298,0.487,0.785,115,0.336,114,146,11,1,0,1,0
35,Christopher Morel,25,TBR,AL,-0.5,115,473,406,46,77,7,1,20,53,8,6,53,117,0.19,0.296,0.36,0.656,83,0.295,86,146,13,10,0,4,2
36,Christopher Morel,25,CHC,NL,-0.1,103,421,362,43,72,7,1,18,51,7,5,47,103,0.199,0.302,0.373,0.675,88,0.301,89,135,11,8,0,4,2
37,Jazz Chisholm Jr.,26,NYY,AL,2,115,491,443,59,114,15,4,20,61,27,8,43,123,0.257,0.328,0.445,0.773,110,0.341,109,197,5,4,0,1,5
38,Jazz Chisholm Jr.,26,MIA,NL,1.2,101,430,386,46,96,14,4,13,50,22,8,39,107,0.249,0.323,0.407,0.73,99,0.324,98,157,4,4,0,1,5
39,Alex Bregman,30,HOU,AL,2.7,115,505,463,65,122,25,2,19,59,3,0,36,66,0.263,0.321,0.449,0.77,116,0.335,115,208,12,4,0,2,0
40,Jeimer Candelario,30,CIN,NL,-0.4,107,443,408,46,93,23,2,19,55,4,3,27,107,0.228,0.282,0.434,0.716,95,0.306,90,177,7,5,0,3,1
41,Matt Chapman,31,SFG,NL,5.6,119,511,448,82,111,30,1,19,60,12,2,57,123,0.248,0.339,0.446,0.785,125,0.353,130,200,8,5,0,1,2
42,Nolan Gorman,24,STL,NL,0.5,105,394,357,42,73,15,0,19,50,6,1,34,148,0.204,0.274,0.406,0.68,87,0.296,81,145,2,1,0,2,1
43,Joc Pederson,32,ARI,NL,2.6,99,338,281,45,80,14,1,19,52,5,1,40,82,0.285,0.389,0.544,0.934,159,0.398,157,153,3,10,1,3,2
44,Jurickson Profar,31,SDP,NL,3,119,494,420,69,124,22,0,19,72,6,2,56,70,0.295,0.394,0.483,0.878,148,0.382,148,203,11,14,2,2,3
45,Bryan Reynolds,29,PIT,NL,3.4,115,516,465,54,134,23,3,19,69,6,2,43,114,0.288,0.355,0.473,0.828,132,0.368,137,220,5,6,0,2,1
46,Michael Toglia,25,COL,NL,1.5,75,289,257,41,55,5,3,19,42,5,0,28,91,0.214,0.291,0.479,0.769,105,0.333,101,123,5,1,0,3,1
47,Ezequiel Tovar,22,COL,NL,2.8,118,524,495,64,136,33,2,19,55,4,4,15,150,0.275,0.297,0.465,0.762,103,0.326,101,230,12,3,5,5,0
48,Kyle Tucker,27,HOU,AL,3.6,60,262,214,42,57,11,0,19,40,10,0,46,41,0.266,0.395,0.584,0.979,174,0.42,171,125,5,0,0,1,1
49,Paul DeJong,30,2TM,AL,0.4,111,389,359,42,82,14,0,19,45,2,1,17,119,0.228,0.278,0.426,0.704,95,0.303,92,153,8,9,0,4,0
50,Paul DeJong,30,CHW,AL,0.2,102,363,337,39,77,14,0,18,41,2,1,14,112,0.228,0.275,0.43,0.706,96,0.302,91,145,8,9,0,3,0
51,Jo Adell,25,LAA,AL,1,110,381,340,47,69,11,1,18,54,14,8,30,106,0.203,0.279,0.4,0.679,87,0.298,87,136,8,7,0,3,1
52,Colton Cowser,24,BAL,AL,2,112,398,353,54,87,17,1,18,55,7,3,36,115,0.246,0.324,0.453,0.777,122,0.332,118,160,7,6,0,3,2
53,Oneil Cruz,25,PIT,NL,2.4,107,439,403,54,105,25,2,18,59,12,1,32,142,0.261,0.317,0.467,0.783,118,0.34,114,188,6,2,0,2,4
54,Bryan De La Cruz,27,2TM,NL,-0.6,115,497,466,47,111,19,0,18,52,3,1,26,135,0.238,0.28,0.395,0.675,83,0.299,81,184,8,2,0,2,1
55,Bryan De La Cruz,27,MIA,NL,-0.1,105,454,424,44,104,19,0,18,51,3,1,25,118,0.245,0.289,0.417,0.707,91,0.31,89,177,8,2,0,2,1
56,Adolis García,31,TEX,AL,0.1,114,473,427,56,93,18,0,18,57,10,3,36,124,0.218,0.283,0.386,0.67,89,0.296,88,165,10,5,0,5,2
57,Paul Goldschmidt,36,STL,NL,0.5,115,498,456,57,106,19,0,18,47,7,0,37,137,0.232,0.293,0.393,0.685,89,0.313,92,179,14,2,0,0,1
58,Manny Machado,31,SDP,NL,1.4,112,470,434,57,117,22,0,18,70,6,1,32,92,0.27,0.319,0.445,0.764,114,0.333,112,193,24,1,0,3,5
59,Austin Riley,27,ATL,NL,3.1,105,449,407,60,107,26,2,18,55,0,0,37,113,0.263,0.327,0.469,0.797,118,0.349,120,191,6,3,0,2,0
60,Spencer Steer,26,CIN,NL,1.9,117,489,430,60,102,26,2,18,75,20,2,51,99,0.237,0.325,0.433,0.758,108,0.346,113,186,3,6,0,2,1
61,Jordan Westburg,25,BAL,AL,2.4,101,420,390,55,105,25,5,18,58,6,3,21,90,0.269,0.317,0.497,0.815,131,0.348,130,194,5,7,1,1,0
62,Josh Bell,31,2TM,NL,-0.3,116,495,448,47,110,22,2,18,58,0,0,38,98,0.246,0.31,0.424,0.734,100,0.324,100,190,17,5,0,3,1
63,Josh Bell,31,MIA,NL,-0.7,104,441,398,38,95,18,1,14,49,0,0,34,88,0.239,0.305,0.394,0.699,90,0.311,90,157,13,5,0,3,1
64,Isaac Paredes,25,CHC,NL,2.5,114,485,410,48,98,22,1,18,63,0,1,58,77,0.239,0.351,0.429,0.78,122,0.343,124,176,14,14,0,3,2
65,Isaac Paredes,25,TBR,AL,2.3,101,429,363,41,89,19,1,16,55,0,1,52,68,0.245,0.357,0.435,0.792,126,0.348,129,158,13,12,0,2,2
66,CJ Abrams,23,WSN,NL,3.6,110,488,437,71,111,25,6,17,59,21,10,34,97,0.254,0.324,0.455,0.78,121,0.335,119,199,3,13,1,3,3
67,Freddie Freeman,34,LAD,NL,3.9,112,490,411,67,118,29,2,17,71,6,2,63,73,0.287,0.39,0.491,0.881,148,0.382,148,202,10,10,0,6,7
68,Riley Greene,23,DET,AL,3.8,101,427,371,57,98,21,5,17,51,4,1,51,109,0.264,0.357,0.485,0.842,132,0.365,132,180,1,3,0,1,3
69,Ryan Jeffers,27,MIN,AL,1.4,91,355,311,42,71,18,0,17,53,3,0,25,72,0.228,0.308,0.45,0.758,109,0.334,111,140,8,13,1,5,0
70,Jackson Merrill,21,SDP,NL,2.9,117,442,412,59,118,19,4,17,64,13,2,21,82,0.286,0.319,0.476,0.795,122,0.348,121,196,2,1,3,5,1
71,Zach Neto,23,LAA,AL,4.1,117,445,402,54,107,26,1,17,61,22,7,28,98,0.266,0.33,0.463,0.793,119,0.347,118,186,9,11,3,1,0
72,Vinnie Pasquantino,26,KCR,AL,1,116,485,433,53,112,25,2,17,84,1,0,35,62,0.259,0.312,0.443,0.755,106,0.323,102,192,10,4,1,12,1
73,Heliot Ramos,24,SFG,NL,2.3,82,358,326,34,92,13,2,17,56,4,1,29,97,0.282,0.341,0.491,0.832,137,0.368,142,160,7,1,0,2,2
74,Adley Rutschman,26,BAL,AL,2.8,110,483,432,58,116,16,1,17,68,1,0,44,79,0.269,0.335,0.428,0.764,119,0.331,117,185,7,2,0,5,3
75,Marcus Semien,33,TEX,AL,3.5,118,529,477,75,115,21,2,17,59,3,2,50,73,0.241,0.314,0.4,0.714,102,0.315,103,191,6,1,0,1,2
76,Eugenio Suárez,32,ARI,NL,1.6,117,466,410,57,94,21,2,17,64,2,1,40,130,0.229,0.305,0.415,0.719,100,0.315,99,170,6,8,0,8,0
77,Mark Vientos,24,NYM,NL,2,71,279,254,35,69,16,0,17,44,0,0,22,70,0.272,0.33,0.535,0.865,143,0.374,146,136,5,1,0,2,0
78,Michael Busch,26,CHC,NL,3.3,114,420,367,55,96,23,1,16,45,2,1,48,130,0.262,0.348,0.46,0.808,124,0.353,125,169,5,2,0,3,1
79,Byron Buxton,30,MIN,AL,3.2,90,335,305,54,84,23,3,16,49,6,2,18,89,0.275,0.334,0.528,0.862,137,0.367,135,161,3,10,0,2,1
80,Andrew McCutchen,37,PIT,NL,1,100,433,375,59,88,14,1,16,39,3,2,51,113,0.235,0.337,0.405,0.743,109,0.334,113,152,8,7,0,0,1
81,Ryan McMahon,29,COL,NL,2.5,116,492,427,56,106,24,0,16,53,4,5,57,142,0.248,0.339,0.417,0.756,105,0.326,101,178,8,3,0,3,3
82,Brandon Nimmo,31,NYM,NL,2.2,112,499,422,66,96,21,2,16,66,11,0,65,126,0.227,0.345,0.4,0.745,114,0.34,118,169,4,11,0,1,1
83,Logan O'Hoppe,24,LAA,AL,2.3,103,401,367,50,94,13,1,16,46,2,3,24,107,0.256,0.315,0.428,0.743,105,0.325,107,157,7,8,1,1,0
84,Will Smith,29,LAD,NL,2.9,97,420,367,57,92,21,1,16,62,0,1,42,83,0.251,0.331,0.444,0.775,118,0.33,112,163,6,5,0,6,6
85,Seiya Suzuki,29,CHC,NL,2.1,94,410,365,51,97,19,4,16,55,10,4,35,110,0.266,0.337,0.471,0.808,123,0.346,119,172,2,6,0,4,1
86,Taylor Ward,30,LAA,AL,0.9,114,481,424,51,99,20,0,16,55,3,3,47,121,0.233,0.312,0.394,0.706,96,0.311,97,167,9,4,0,6,0
87,Randy Arozarena,29,2TM,AL,1.3,115,474,402,59,90,24,0,16,42,16,8,56,116,0.224,0.335,0.403,0.738,112,0.325,113,162,5,13,0,3,0
88,Randy Arozarena,29,TBR,AL,0.7,100,409,350,45,74,19,0,15,37,16,7,45,101,0.211,0.318,0.394,0.712,103,0.316,104,138,3,11,0,3,0
89,Jorge Soler,32,2TM,NL,1.2,105,444,384,64,94,25,1,16,51,1,0,53,111,0.245,0.339,0.44,0.779,122,0.345,125,169,9,3,0,3,0
90,Jorge Soler,32,SFG,NL,1.1,93,392,341,57,82,23,1,12,40,1,0,44,97,0.24,0.33,0.419,0.749,115,0.335,119,143,9,3,0,3,0
91,Jose Altuve,34,HOU,AL,2.8,116,517,479,66,144,21,0,15,50,15,5,34,92,0.301,0.352,0.438,0.79,123,0.35,125,210,9,4,0,0,1
92,Nick Castellanos,32,PHI,NL,0,119,491,452,56,111,25,3,15,58,4,2,30,103,0.246,0.301,0.414,0.715,100,0.317,101,187,11,7,0,2,2
93,Willson Contreras,32,STL,NL,2.6,75,319,269,45,70,16,0,15,34,3,1,41,87,0.26,0.376,0.487,0.863,139,0.375,139,131,5,9,0,0,1
94,William Contreras,26,MIL,NL,3.4,115,514,459,76,131,32,2,15,69,5,2,51,101,0.285,0.358,0.462,0.82,127,0.358,128,212,15,2,0,2,2
95,Zack Gelof,24,OAK,AL,1.2,96,383,347,42,70,11,2,15,39,15,3,28,135,0.202,0.268,0.375,0.642,83,0.288,82,130,4,4,2,2,0
96,Jesús Sánchez,26,MIA,NL,0.8,110,389,359,40,86,18,1,15,47,9,1,24,100,0.24,0.294,0.421,0.714,93,0.318,92,151,9,4,1,1,2
97,Carlos Santana,38,MIN,AL,1.8,110,433,382,44,93,22,0,15,49,3,0,44,75,0.243,0.33,0.419,0.749,109,0.328,107,160,10,6,0,1,2
98,Tyler Stephenson,27,CIN,NL,1.7,101,363,323,50,79,18,1,15,45,1,0,33,68,0.245,0.322,0.446,0.768,111,0.339,113,144,4,5,0,2,1
99,JJ Bleday,26,OAK,AL,2.5,118,474,422,55,103,33,4,14,41,0,3,50,86,0.244,0.326,0.441,0.766,118,0.333,120,186,7,1,1,0,2
100,Jackson Chourio,20,MIL,NL,2.5,106,393,365,56,98,16,0,14,50,16,4,24,83,0.268,0.314,0.427,0.741,104,0.325,100,156,6,1,1,2,1
101,Jake Cronenworth,30,SDP,NL,1,116,491,439,54,109,23,2,14,67,2,3,36,89,0.248,0.316,0.405,0.722,103,0.32,106,178,13,9,1,3,0
102,Jarren Duran,27,BOS,AL,6.5,116,541,491,80,143,36,13,14,58,29,4,42,121,0.291,0.35,0.503,0.853,131,0.382,136,247,2,4,1,3,0
103,Luis García Jr.,24,WSN,NL,2.1,104,400,378,44,110,20,1,14,59,19,3,21,63,0.291,0.328,0.46,0.788,124,0.348,122,174,9,0,0,1,2
104,Lourdes Gurriel Jr.,30,ARI,NL,1.1,109,457,432,56,115,18,1,14,59,6,1,19,89,0.266,0.3,0.41,0.71,97,0.31,94,177,14,3,0,3,0
105,Kyle Higashioka,34,SDP,NL,1.1,57,183,170,22,38,5,1,14,39,1,0,11,54,0.224,0.269,0.512,0.781,115,0.34,117,87,3,0,1,1,0
106,Brandon Lowe,29,TBR,AL,2,70,273,241,36,61,14,2,14,44,5,0,27,67,0.253,0.337,0.502,0.839,137,0.364,136,121,7,4,0,1,1
107,MJ Melendez,25,KCR,AL,0.2,97,334,307,34,63,17,2,14,37,3,3,24,83,0.205,0.267,0.41,0.678,84,0.29,80,126,2,2,0,0,1
108,Luke Raley,29,SEA,AL,1.5,101,324,296,42,68,12,2,14,36,9,2,14,99,0.23,0.294,0.426,0.72,108,0.322,112,126,2,13,1,0,0
109,Jose Siri,28,TBR,AL,1.3,101,358,317,40,63,14,0,14,38,12,7,27,131,0.199,0.271,0.375,0.647,83,0.282,82,119,5,6,2,4,0
110,George Springer,34,TOR,AL,0.8,111,459,408,57,90,16,1,14,44,13,0,46,89,0.221,0.301,0.368,0.669,89,0.309,93,150,16,2,0,2,0
111,Fernando Tatis Jr.,25,SDP,NL,1.9,80,345,308,50,86,14,1,14,36,8,3,30,71,0.279,0.354,0.468,0.821,131,0.358,130,144,6,6,0,1,0
112,Daulton Varsho,27,TOR,AL,3.9,112,418,370,57,75,17,6,14,48,10,2,43,109,0.203,0.29,0.395,0.685,93,0.301,89,146,2,3,1,1,1
113,Andrew Vaughn,26,CHW,AL,0,110,456,419,45,101,26,0,14,52,2,0,29,102,0.241,0.296,0.403,0.699,96,0.306,93,169,12,5,0,3,0
114,Matt Vierling,27,DET,AL,1.4,106,420,392,58,100,20,5,14,46,4,1,22,92,0.255,0.295,0.439,0.734,101,0.319,99,172,6,2,0,4,0
115,Andrew Benintendi,29,CHW,AL,-1.6,98,373,346,34,74,14,0,13,41,2,2,24,69,0.214,0.265,0.367,0.632,77,0.272,71,127,10,1,0,2,1
116,Lawrence Butler,23,OAK,AL,1.3,86,288,261,37,64,14,2,13,38,10,0,25,76,0.245,0.309,0.464,0.773,119,0.34,117,121,6,0,0,2,0
117,Carlos Correa,29,MIN,AL,3.4,75,317,279,51,86,16,2,13,47,0,0,30,53,0.308,0.377,0.52,0.896,149,0.39,153,145,5,3,0,4,2
118,Travis d'Arnaud,35,ATL,NL,1.6,78,256,231,32,59,14,0,13,40,1,0,17,59,0.255,0.313,0.485,0.797,117,0.344,115,112,6,4,0,4,0
119,Tyler Fitzgerald,26,SFG,NL,2.8,59,190,174,36,53,10,2,13,25,12,2,13,53,0.305,0.363,0.609,0.972,174,0.434,183,106,2,3,0,0,0
120,Jarred Kelenic,24,ATL,NL,0.9,105,380,350,42,82,16,2,13,34,6,2,26,113,0.234,0.288,0.403,0.69,89,0.308,90,141,3,1,1,2,0
121,Steven Kwan,26,CLE,AL,3.6,94,413,375,69,121,14,3,13,36,9,4,33,36,0.323,0.382,0.48,0.862,140,0.377,143,180,5,3,2,0,0
122,Ryan Mountcastle,27,BAL,AL,2.2,109,450,419,50,114,25,2,13,60,3,0,25,100,0.272,0.311,0.434,0.745,113,0.327,113,182,13,1,0,5,0
123,Ceddanne Rafaela,23,BOS,AL,2.1,116,441,415,62,110,16,4,13,58,17,7,15,109,0.265,0.298,0.417,0.715,94,0.321,97,173,6,6,2,3,1
124,Trea Turner,31,PHI,NL,2.1,79,356,333,59,99,16,0,13,39,14,1,18,67,0.297,0.343,0.462,0.805,125,0.361,127,154,4,5,0,0,0
125,Wilyer Abreu,25,BOS,AL,2.4,92,317,283,47,76,24,2,12,45,7,2,30,91,0.269,0.338,0.495,0.832,125,0.361,126,140,4,1,0,3,0
126,Nolan Arenado,33,STL,NL,1.6,113,472,429,49,116,17,0,12,53,2,1,33,66,0.27,0.325,0.394,0.719,100,0.317,98,169,9,4,0,5,0
127,Cody Bellinger,28,CHC,NL,1.4,91,396,359,48,99,16,1,12,45,6,2,31,66,0.276,0.336,0.426,0.762,112,0.333,109,153,7,3,0,3,5
128,Will Benson,26,CIN,NL,-0.7,102,325,288,33,56,17,2,12,37,14,6,32,129,0.194,0.278,0.392,0.67,84,0.293,79,113,3,2,1,2,0
129,Alec Bohm,27,PHI,NL,3.3,117,501,454,52,134,43,2,12,80,5,2,36,71,0.295,0.349,0.478,0.827,131,0.361,132,217,13,5,0,6,2
130,Michael Conforto,31,SFG,NL,1.1,97,363,323,38,75,22,3,12,50,0,1,35,88,0.232,0.311,0.43,0.742,112,0.322,111,139,10,3,0,2,1
131,Yainer Diaz,25,HOU,AL,2.6,108,446,419,50,126,21,3,12,67,1,0,18,67,0.301,0.327,0.451,0.778,119,0.34,119,189,16,2,0,7,1
132,Mitch Garver,33,SEA,AL,-0.3,97,369,312,33,52,15,0,12,38,0,0,49,116,0.167,0.287,0.33,0.617,81,0.279,84,103,7,5,0,3,0
133,J.D. Martinez,36,NYM,NL,1.2,88,369,319,34,82,19,1,12,53,0,0,39,105,0.257,0.345,0.436,0.781,123,0.344,124,139,10,5,0,2,0
134,Cedric Mullins,29,BAL,AL,1,109,362,329,49,73,14,3,12,40,19,5,23,78,0.222,0.275,0.392,0.667,90,0.297,89,129,1,2,2,2,0
135,Ryan O'Hearn,30,BAL,AL,1.9,102,369,325,48,90,15,3,12,48,3,1,39,47,0.277,0.355,0.452,0.807,132,0.355,135,147,4,2,0,3,2
136,Luis Robert Jr.,26,CHW,AL,0.4,64,267,246,28,49,12,0,12,27,17,1,21,99,0.199,0.262,0.394,0.656,83,0.3,81,97,5,0,0,0,2
137,Nolan Schanuel,22,LAA,AL,1,111,463,395,48,97,12,0,12,41,4,1,52,77,0.246,0.34,0.367,0.707,98,0.319,100,145,10,7,3,5,0
138,Josh Smith,26,TEX,AL,3.2,113,441,382,52,103,21,1,12,51,7,1,38,89,0.27,0.36,0.424,0.784,123,0.348,124,162,5,17,2,2,1
139,Orlando Arcia,29,ATL,NL,0.5,114,435,402,33,92,19,0,11,33,0,0,24,92,0.229,0.272,0.358,0.63,73,0.28,70,144,14,2,1,6,1
140,Mookie Betts,31,LAD,NL,4.1,74,340,292,51,90,16,3,11,43,10,1,47,36,0.308,0.406,0.497,0.902,155,0.397,156,145,5,1,0,0,0
141,Corbin Carroll,23,ARI,NL,1.2,117,497,434,81,95,16,11,11,46,21,6,51,90,0.219,0.307,0.382,0.69,93,0.309,91,166,3,6,2,4,0
142,David Fry,28,CLE,AL,1.2,94,321,272,37,73,14,0,11,41,4,1,36,68,0.268,0.369,0.441,0.81,127,0.357,128,120,12,9,0,3,4
143,Mitch Haniger,33,SEA,AL,-0.1,101,364,325,37,68,12,0,11,43,0,0,36,105,0.209,0.291,0.348,0.639,87,0.289,91,113,8,2,0,1,0
144,Colt Keith,22,DET,AL,0.2,109,410,379,43,96,11,3,11,43,6,1,28,73,0.253,0.307,0.385,0.693,92,0.311,92,146,4,2,0,1,1
145,Trevor Larnach,27,MIN,AL,0.7,77,279,248,38,61,10,0,11,35,4,0,27,56,0.246,0.323,0.419,0.742,107,0.33,107,104,12,2,0,2,0
146,Brandon Marsh,26,PHI,NL,2.6,97,347,306,39,72,10,3,11,44,14,3,36,115,0.235,0.314,0.395,0.71,99,0.324,102,121,2,1,0,4,0
147,Jeff McNeil,32,NYM,NL,0.9,111,409,374,51,89,22,0,11,38,5,1,26,55,0.238,0.294,0.385,0.679,94,0.301,93,144,4,5,1,3,0
148,Jake Meyers,28,HOU,AL,1.4,110,382,347,37,80,15,3,11,48,8,3,24,90,0.231,0.292,0.386,0.678,91,0.299,90,134,9,7,2,2,0
149,Jeremy Peña,26,HOU,AL,2.9,117,488,450,60,125,20,1,11,55,13,5,20,81,0.278,0.323,0.4,0.723,104,0.321,105,180,10,12,2,4,0
150,Jorge Polanco,30,SEA,AL,0.5,80,318,284,31,60,7,0,11,30,3,2,30,99,0.211,0.292,0.352,0.645,88,0.288,91,100,9,3,0,1,1
151,Hunter Renfroe,32,KCR,AL,-0.2,97,343,309,36,71,17,0,11,44,1,1,31,62,0.23,0.303,0.392,0.695,91,0.309,92,121,7,2,0,1,0
152,Julio Rodríguez,23,SEA,AL,2,102,421,392,45,102,10,0,11,37,18,4,24,117,0.26,0.311,0.37,0.681,99,0.307,100,145,4,5,0,0,0
153,Anthony Volpe,23,NYY,AL,2.9,120,538,497,74,124,22,7,11,46,20,5,33,120,0.249,0.301,0.388,0.689,92,0.308,91,193,7,4,2,1,0
154,Jesse Winker,30,2TM,NL,2.1,111,413,348,53,91,20,0,11,47,14,4,54,91,0.261,0.37,0.414,0.784,125,0.354,130,144,10,7,2,2,2
155,Jesse Winker,30,WSN,NL,2,101,379,315,51,81,18,0,11,45,14,4,53,84,0.257,0.374,0.419,0.793,128,0.358,133,132,9,7,2,2,2
156,Connor Wong,28,BOS,AL,1.9,91,361,329,45,97,13,1,11,43,6,6,21,84,0.295,0.352,0.441,0.793,117,0.339,115,145,2,9,0,2,1
157,Christian Yelich,32,MIL,NL,2.3,73,315,270,44,85,12,3,11,42,21,1,40,58,0.315,0.406,0.504,0.909,152,0.405,151,136,3,2,1,1,3
158,Ty France,29,CIN,NL,0.2,101,385,343,33,77,16,0,11,34,0,1,29,90,0.224,0.306,0.367,0.674,96,0.307,103,126,11,12,0,1,0
159,Ty France,29,SEA,AL,0,88,340,300,28,67,14,0,8,31,0,1,28,83,0.223,0.312,0.35,0.662,94,0.299,100,105,11,11,0,1,0
160,Joey Bart,27,PIT,NL,1.5,53,182,161,23,43,6,0,10,32,0,0,17,49,0.267,0.346,0.491,0.837,133,0.365,135,79,6,3,0,1,0
161,Seth Brown,31,OAK,AL,-0.4,85,269,249,22,52,9,0,10,27,4,1,18,83,0.209,0.268,0.365,0.633,80,0.281,80,91,3,2,0,0,0
162,Kerry Carpenter,26,DET,AL,1.4,51,168,150,23,44,10,4,10,32,0,1,11,40,0.293,0.349,0.613,0.963,161,0.395,158,92,2,3,0,2,1
163,Yandy Díaz,32,TBR,AL,0.8,110,483,441,43,119,23,1,10,51,0,0,37,75,0.27,0.327,0.395,0.722,106,0.323,110,174,9,2,0,3,0
164,Adam Duvall,35,ATL,NL,-1.4,93,317,292,27,52,10,0,10,29,0,0,20,98,0.178,0.24,0.315,0.555,53,0.255,52,92,6,4,0,1,0
165,Jonah Heim,29,TEX,AL,1.5,100,380,353,36,81,9,0,10,47,1,1,23,70,0.229,0.279,0.34,0.619,76,0.276,76,120,9,2,0,2,0
166,Ha-Seong Kim,28,SDP,NL,2.7,118,460,394,59,90,15,3,10,45,22,5,57,76,0.228,0.327,0.358,0.685,95,0.313,95,141,7,2,4,3,4
167,Korey Lee,25,CHW,AL,0.1,95,298,285,30,62,10,1,10,28,5,3,13,92,0.218,0.252,0.365,0.617,72,0.273,71,104,6,0,0,0,0
168,Nathaniel Lowe,28,TEX,AL,2,98,397,341,44,89,12,1,10,48,2,0,52,87,0.261,0.358,0.39,0.748,114,0.339,119,133,8,1,0,3,0
169,Michael Massey,26,KCR,AL,1.3,62,228,213,34,56,11,2,10,35,0,0,7,34,0.263,0.288,0.474,0.762,106,0.33,107,101,7,2,2,4,1
170,Davis Schneider,25,TOR,AL,0,103,356,309,39,64,18,0,10,37,4,0,38,104,0.207,0.298,0.362,0.66,87,0.293,84,112,1,4,0,5,0
171,Gleyber Torres,27,NYY,AL,0.1,114,476,420,49,100,18,0,10,45,4,3,44,103,0.238,0.31,0.352,0.663,86,0.297,87,148,6,3,2,7,0
172,Alex Verdugo,28,NYY,AL,0.7,116,495,444,60,105,26,1,10,50,1,1,41,74,0.236,0.298,0.367,0.665,86,0.294,84,163,11,1,1,8,0
173,Eddie Rosario,32,2TM,NL,-1.5,91,319,297,33,52,12,0,10,35,9,1,16,77,0.175,0.215,0.316,0.531,49,0.241,45,94,4,0,2,4,0
174,Eddie Rosario,32,WSN,NL,-1.1,67,235,219,26,40,11,0,7,26,8,1,13,54,0.183,0.226,0.329,0.555,57,0.255,56,72,4,0,1,2,0
175,Jake Bauers,28,MIL,NL,0,86,261,226,35,47,9,2,9,37,8,1,30,87,0.208,0.314,0.385,0.699,94,0.314,92,87,0,5,0,0,1
176,Willi Castro,27,MIN,AL,1.9,118,484,429,69,111,27,5,9,44,12,7,39,116,0.259,0.341,0.408,0.749,110,0.338,117,175,6,15,0,1,0
177,J.P. Crawford,29,SEA,AL,1.6,77,335,294,42,60,13,1,9,32,5,0,38,76,0.204,0.299,0.347,0.645,89,0.292,90,102,1,2,0,1,0
178,Brendan Donovan,27,STL,NL,1.2,113,488,438,48,116,25,1,9,53,3,3,34,62,0.265,0.332,0.388,0.72,100,0.319,100,170,3,12,0,4,0
179,Thairo Estrada,28,SFG,NL,-0.5,87,346,329,41,71,14,2,9,43,1,2,10,67,0.216,0.249,0.353,0.601,71,0.265,71,116,8,5,0,2,0
180,Jonathan India,27,CIN,NL,1.1,111,464,392,60,96,23,1,9,41,10,1,58,99,0.245,0.35,0.378,0.727,103,0.334,107,148,10,8,1,5,0
181,José Miranda,26,MIN,AL,2.6,89,323,300,39,94,25,2,9,46,2,1,15,45,0.313,0.353,0.5,0.853,136,0.371,139,150,9,5,0,3,1
182,Dylan Moore,31,SEA,AL,1.8,99,349,295,37,60,18,4,9,36,21,4,38,97,0.203,0.313,0.383,0.696,103,0.318,105,113,7,11,1,4,0
183,Bo Naylor,24,CLE,AL,0.5,90,288,263,33,53,10,2,9,33,4,1,21,92,0.202,0.261,0.357,0.619,72,0.275,69,94,2,1,1,2,1
184,Andy Pages,23,LAD,NL,0.5,96,387,351,54,87,21,1,9,35,1,2,26,98,0.248,0.307,0.39,0.698,97,0.306,96,137,7,6,0,4,0
185,Wenceel Pérez,24,DET,AL,0.5,97,378,347,49,84,13,5,9,32,9,4,27,76,0.242,0.298,0.386,0.684,89,0.302,88,134,5,1,2,1,0
186,Brendan Rodgers,27,COL,NL,1.3,102,406,377,50,106,23,1,9,41,1,0,25,90,0.281,0.328,0.419,0.747,102,0.331,102,158,9,2,0,2,1
187,Jake Rogers,29,DET,AL,0.5,71,242,225,33,45,11,1,9,30,1,0,13,73,0.2,0.248,0.378,0.626,71,0.274,67,85,5,2,0,2,0
188,Keibert Ruiz,25,WSN,NL,0,91,342,323,32,72,12,0,9,40,1,1,11,36,0.223,0.257,0.344,0.601,71,0.262,66,111,7,5,0,3,0
189,Jon Singleton,32,HOU,AL,0.1,92,323,285,38,67,7,0,9,29,0,0,36,89,0.235,0.319,0.354,0.673,92,0.307,96,101,2,0,0,2,0
190,Jack Suwinski,25,PIT,NL,-1.7,88,277,247,29,45,8,0,9,26,9,1,27,79,0.182,0.264,0.324,0.588,65,0.278,69,80,3,1,1,1,2
191,Dansby Swanson,30,CHC,NL,1.6,110,427,385,45,89,17,2,9,41,9,3,37,108,0.231,0.3,0.356,0.656,83,0.289,78,137,5,2,0,3,2
192,Leody Taveras,25,TEX,AL,0.3,113,401,362,44,83,14,3,9,34,13,4,33,79,0.229,0.291,0.359,0.651,85,0.292,84,130,5,0,3,3,0
193,Rowdy Tellez,29,PIT,NL,-0.2,102,325,296,31,74,14,0,9,39,1,0,22,72,0.25,0.302,0.389,0.69,93,0.307,93,115,11,2,0,5,0
194,Masyn Winn,22,STL,NL,3.6,111,456,417,55,114,21,4,9,41,10,4,32,76,0.273,0.324,0.408,0.731,103,0.318,98,170,1,1,2,4,1
195,Mike Yastrzemski,33,SFG,NL,1.9,102,332,301,39,74,11,9,9,38,3,1,25,91,0.246,0.311,0.432,0.743,112,0.321,109,130,4,4,1,1,1
196,Ozzie Albies,27,ATL,NL,1.3,90,394,361,47,93,28,1,8,46,8,1,24,61,0.258,0.31,0.407,0.717,97,0.319,96,147,4,5,0,4,0
197,Harrison Bader,30,NYM,NL,1.2,101,340,316,46,84,18,0,8,41,15,8,14,73,0.266,0.306,0.399,0.705,101,0.308,100,126,5,6,0,4,1
198,Will Brennan,26,CLE,AL,-0.3,82,264,244,29,60,8,1,8,25,3,1,16,34,0.246,0.299,0.385,0.684,91,0.303,90,94,6,3,0,1,2
199,José Caballero,27,TBR,AL,1.8,101,361,328,46,78,18,1,8,32,32,12,20,100,0.238,0.293,0.372,0.665,89,0.308,96,122,6,7,3,3,0
200,Oswaldo Cabrera,25,NYY,AL,1.1,87,275,253,37,62,9,0,8,34,3,2,17,53,0.245,0.292,0.375,0.667,86,0.301,90,95,5,1,1,3,0
201,Santiago Espinal,29,CIN,NL,0.4,80,255,231,23,57,7,0,8,32,8,0,15,31,0.247,0.291,0.381,0.672,85,0.301,80,88,4,1,4,4,1
202,Stuart Fairchild,28,CIN,NL,1,86,224,201,31,44,8,0,8,29,13,1,17,54,0.219,0.291,0.378,0.67,84,0.322,92,76,1,4,1,1,0
203,Hunter Goodman,24,COL,NL,-0.8,53,165,154,16,28,7,0,8,23,1,1,6,48,0.182,0.224,0.383,0.607,61,0.256,50,59,4,3,0,2,0
204,Nick Gordon,28,MIA,NL,-1.7,95,275,260,29,59,11,1,8,32,5,5,11,67,0.227,0.258,0.369,0.627,70,0.264,60,96,5,1,0,3,0
205,Max Kepler,31,MIN,AL,1.5,93,354,325,41,88,20,1,8,41,1,0,21,74,0.271,0.32,0.412,0.732,104,0.337,114,134,3,4,0,3,0
206,Justyn-Henry Malloy,24,DET,AL,-0.1,53,188,165,16,35,5,1,8,20,1,1,20,66,0.212,0.303,0.4,0.703,94,0.306,92,66,2,2,0,1,0
207,Mickey Moniak,26,LAA,AL,-0.3,96,319,301,36,68,13,2,8,35,6,3,16,82,0.226,0.266,0.362,0.629,74,0.274,69,109,2,1,0,1,0
208,Joey Ortiz,25,MIL,NL,2.2,99,357,307,41,77,17,3,8,40,6,4,43,68,0.251,0.346,0.404,0.749,109,0.329,108,124,3,3,1,3,0
209,J.T. Realmuto,33,PHI,NL,1.5,67,290,267,35,66,10,1,8,23,1,2,18,69,0.247,0.303,0.382,0.685,92,0.305,94,102,4,4,0,1,1
210,Anthony Rizzo,34,NYY,AL,-0.5,70,291,264,32,59,7,0,8,28,0,0,19,48,0.223,0.289,0.341,0.63,76,0.292,82,90,6,6,0,2,0
211,Gary Sánchez,31,MIL,NL,0.3,63,199,175,22,42,6,0,8,28,0,0,17,51,0.24,0.322,0.411,0.733,103,0.325,104,72,6,5,0,2,0
212,Bryson Stott,26,PHI,NL,2.1,109,421,370,50,86,13,2,8,45,23,2,41,66,0.232,0.309,0.343,0.652,84,0.304,84,127,7,3,0,7,1
213,Lane Thomas,28,WAS,NL,0,90,391,346,46,81,18,3,8,40,28,12,36,92,0.234,0.312,0.373,0.685,96,0.312,100,129,5,5,0,4,0
214,Lane Thomas,28,WSN,NL,0.7,77,341,300,42,76,16,3,8,40,28,12,32,72,0.253,0.331,0.407,0.738,111,0.334,117,122,4,5,0,4,0
215,Jose Trevino,31,NYY,AL,0.8,59,186,168,22,41,4,0,8,27,0,0,13,32,0.244,0.303,0.411,0.713,98,0.313,97,69,11,2,1,2,0
216,Nelson Velázquez,25,KCR,AL,-0.7,64,230,205,31,41,8,1,8,27,2,0,19,61,0.2,0.274,0.366,0.64,76,0.284,72,75,6,3,0,3,0
217,Austin Wells,24,NYY,AL,2.3,82,287,244,31,61,13,1,8,33,1,0,35,58,0.25,0.343,0.41,0.752,111,0.334,112,100,3,2,1,5,0
218,Carson Kelly,29,2TM,AL,0.9,67,225,200,26,50,5,1,8,33,0,0,18,44,0.25,0.329,0.405,0.734,104,0.32,101,81,3,6,0,1,0
219,Carson Kelly,29,DET,AL,0.9,60,203,179,21,43,4,1,7,29,0,0,17,40,0.24,0.325,0.391,0.716,99,0.315,97,70,3,6,0,1,0
220,Danny Jansen,29,2TM,AL,1,68,250,217,29,49,13,0,8,22,0,0,28,45,0.226,0.316,0.396,0.712,101,0.315,101,86,1,2,0,3,0
221,Danny Jansen,29,TOR,AL,0.8,61,228,198,27,42,13,0,6,18,0,0,25,42,0.212,0.303,0.369,0.671,90,0.299,90,73,1,2,0,3,0
222,Patrick Bailey,25,SFG,NL,1.7,93,354,315,36,75,12,1,7,38,3,0,32,76,0.238,0.303,0.349,0.652,88,0.292,87,110,7,0,1,6,0
223,Charlie Blackmon,37,COL,NL,0.2,91,368,333,46,84,19,3,7,38,5,2,30,63,0.252,0.323,0.39,0.714,94,0.317,92,130,3,5,0,0,2
224,Luis Campusano,25,SDP,NL,0,79,259,244,30,58,13,0,7,37,0,0,14,36,0.238,0.278,0.377,0.655,84,0.292,84,92,11,0,0,1,0
225,Mark Canha,35,SFG,NL,0.5,101,408,347,44,83,18,0,7,41,4,0,44,86,0.239,0.341,0.352,0.692,94,0.32,100,122,9,12,0,5,2
226,Mark Canha,35,DET,AL,0.4,93,377,320,42,74,17,0,7,38,4,0,42,79,0.231,0.337,0.35,0.687,92,0.319,98,112,9,11,0,4,2
227,Trent Grisham,27,NYY,AL,0.5,64,181,152,19,29,8,0,7,24,1,1,21,44,0.191,0.302,0.382,0.683,91,0.312,97,58,5,4,1,2,1
228,Tyler Freeman,25,CLE,AL,0.8,102,360,311,46,66,14,1,7,32,10,6,27,49,0.212,0.305,0.331,0.637,79,0.29,82,103,15,16,3,3,1
229,TJ Friedl,28,CIN,NL,0,44,180,155,20,35,3,0,7,31,6,0,15,29,0.226,0.322,0.381,0.703,95,0.325,97,59,0,8,0,2,0
230,Kiké Hernández,32,LAD,NL,0.6,93,300,273,31,59,13,0,7,27,0,0,25,63,0.216,0.28,0.341,0.621,75,0.284,78,93,10,0,0,2,0
231,Kyle Isbel,27,KCR,AL,1.5,98,311,283,48,67,7,7,7,31,8,2,19,59,0.237,0.291,0.385,0.676,86,0.306,88,109,4,3,5,1,0
232,Connor Joe,31,PIT,NL,0.7,98,345,307,43,73,19,1,7,31,2,1,31,70,0.238,0.319,0.375,0.693,95,0.31,96,115,7,6,0,1,1
233,Edouard Julien,25,MIN,AL,0.7,63,209,181,25,37,6,0,7,17,6,0,27,74,0.204,0.311,0.354,0.665,87,0.309,89,64,1,1,0,0,0
234,Isiah Kiner-Falefa,29,PIT,NL,3.4,92,325,299,35,85,10,4,7,35,6,1,14,44,0.284,0.329,0.415,0.744,110,0.332,112,124,10,7,3,2,0
235,Isiah Kiner-Falefa,29,TOR,AL,3.1,82,281,257,32,75,8,2,7,33,3,1,13,37,0.292,0.338,0.42,0.758,114,0.337,117,108,9,6,3,2,0
236,Josh Lowe,26,TBR,AL,0.5,63,225,206,23,49,14,0,7,23,13,1,18,68,0.238,0.298,0.408,0.706,100,0.317,97,84,1,0,0,1,2
237,Gavin Lux,26,LAD,NL,1.1,101,359,330,38,80,15,2,7,41,4,2,26,79,0.242,0.301,0.364,0.664,88,0.297,88,120,6,2,0,1,0
238,Starling Marte,35,NYM,NL,0.4,66,266,245,38,68,9,2,7,30,12,0,17,56,0.278,0.328,0.416,0.745,113,0.345,118,102,6,2,1,1,0
239,Lars Nootbaar,26,STL,NL,0.8,69,261,228,21,52,10,1,7,23,5,0,31,56,0.228,0.319,0.373,0.692,93,0.312,91,85,5,0,1,1,1
240,Rob Refsnyder,33,BOS,AL,0.9,71,247,214,27,64,15,1,7,32,2,2,26,61,0.299,0.386,0.477,0.863,136,0.367,134,102,4,5,0,1,2
241,Nick Senzel,29,CHW,AL,-1.1,73,264,233,25,46,11,0,7,18,1,3,28,60,0.197,0.286,0.335,0.621,78,0.275,78,78,6,1,1,0,1
242,Nick Senzel,29,WSN,NL,-0.6,64,235,206,25,43,10,0,7,18,1,3,27,53,0.209,0.303,0.359,0.663,90,0.292,91,74,6,1,0,0,1
243,Gavin Sheets,28,CHW,AL,-0.9,106,383,342,29,79,24,1,7,35,1,1,35,81,0.231,0.308,0.368,0.677,91,0.3,90,126,3,4,0,2,1
244,Jacob Stallings,34,COL,NL,1.5,63,212,181,23,48,12,1,7,28,0,0,22,44,0.265,0.365,0.459,0.823,123,0.362,125,83,10,7,1,1,1
245,Brice Turang,24,MIL,NL,3.6,114,456,412,53,104,16,2,7,48,33,5,35,80,0.252,0.312,0.352,0.664,85,0.313,87,145,7,2,4,3,0
246,Christian Vázquez,33,MIN,AL,0.7,68,234,216,22,49,9,0,7,24,3,1,9,47,0.227,0.257,0.366,0.622,72,0.283,75,79,9,1,4,4,0
247,Masataka Yoshida,30,BOS,AL,0.9,70,282,250,33,69,11,0,7,39,0,0,21,39,0.276,0.351,0.404,0.755,108,0.339,111,101,2,9,0,2,0
248,Kevin Pillar,35,2TM,AL,0.7,79,241,222,30,59,14,1,7,40,9,3,10,45,0.266,0.313,0.432,0.745,106,0.326,104,96,6,6,1,2,0
249,Kevin Pillar,35,LAA,AL,0.8,62,209,197,29,55,12,1,6,36,7,3,6,37,0.279,0.316,0.442,0.757,109,0.329,108,87,6,5,0,1,0
250,Justin Turner,39,2TM,AL,0.4,100,390,336,41,85,18,0,7,39,0,2,41,71,0.253,0.349,0.369,0.718,106,0.32,108,124,16,10,0,3,0
251,Justin Turner,39,TOR,AL,0.4,90,348,300,37,77,17,0,6,31,0,2,39,60,0.257,0.351,0.373,0.724,107,0.321,108,112,15,6,0,3,0
252,Tommy Pham,36,STL,NL,0,82,342,314,39,84,17,2,7,29,6,3,27,71,0.268,0.327,0.401,0.729,105,0.33,111,126,3,1,0,0,0
253,Tommy Pham,36,CHW,AL,-0.3,70,297,271,33,72,14,1,5,19,6,3,25,63,0.266,0.33,0.38,0.71,101,0.326,109,103,2,1,0,0,0
254,Jake Cave,31,COL,NL,0,98,261,243,33,63,10,4,6,31,5,2,16,71,0.259,0.303,0.407,0.71,91,0.31,87,99,6,0,0,2,1
255,Ernie Clement,28,TOR,AL,2.4,98,295,282,29,76,16,1,6,33,8,3,7,19,0.27,0.29,0.397,0.687,93,0.312,99,112,6,2,2,2,1
256,Freddy Fermin,29,KCR,AL,2.4,77,257,235,30,70,10,0,6,31,1,0,17,45,0.298,0.348,0.417,0.765,111,0.338,112,98,6,2,1,2,1
257,Maikel Garcia,24,KCR,AL,0.6,117,503,465,73,110,21,5,6,48,28,1,32,78,0.237,0.285,0.342,0.627,73,0.29,69,159,5,0,4,2,0
258,David Hamilton,26,BOS,AL,2.2,86,277,257,41,65,17,1,6,23,30,4,19,72,0.253,0.307,0.397,0.704,92,0.331,93,102,1,1,0,0,0
259,Spencer Horwitz,26,TOR,AL,0.7,56,223,191,28,52,11,0,6,22,0,0,24,39,0.272,0.363,0.424,0.787,123,0.341,121,81,4,5,0,3,2
260,Wyatt Langford,22,TEX,AL,1.1,94,388,350,41,83,17,4,6,44,11,3,34,79,0.237,0.307,0.36,0.667,90,0.296,87,126,5,2,0,2,3
261,Jake McCarthy,26,ARI,NL,2.6,102,325,286,45,89,10,7,6,40,17,3,25,55,0.311,0.38,0.458,0.838,135,0.375,136,131,1,8,4,2,1
262,Sean Murphy,29,ATL,NL,1.1,46,169,151,11,34,4,1,6,13,0,0,16,41,0.225,0.308,0.384,0.692,91,0.318,97,58,5,2,0,0,1
263,Tyler Nevin,27,OAK,AL,0.1,62,207,178,18,36,7,0,6,16,1,0,21,47,0.202,0.3,0.343,0.642,85,0.286,83,61,4,5,0,3,0
264,Blake Perkins,27,MIL,NL,2.1,90,318,284,40,73,8,2,6,34,17,4,29,80,0.257,0.33,0.363,0.693,94,0.32,96,103,3,3,0,2,0
265,Luis Rengifo,27,LAA,AL,1.7,78,304,283,41,85,13,1,6,30,24,7,16,44,0.3,0.347,0.417,0.763,113,0.343,113,118,6,4,1,0,0
266,Josh Rojas,30,SEA,AL,2.1,105,366,325,38,77,16,2,6,23,6,4,37,80,0.237,0.319,0.354,0.673,98,0.298,99,115,4,2,0,0,1
267,Max Schuemann,27,OAK,AL,1.7,96,330,282,46,69,9,0,6,28,11,1,38,84,0.245,0.339,0.34,0.68,97,0.316,101,96,5,4,3,3,0
268,Dominic Smith,29,BOS,AL,0,81,274,245,29,58,20,0,6,34,1,1,25,64,0.237,0.318,0.392,0.709,94,0.315,95,96,7,4,0,0,0
269,Edmundo Sosa,28,PHI,NL,2.5,67,214,196,29,54,10,4,6,26,6,1,10,52,0.276,0.329,0.459,0.788,120,0.355,125,90,1,6,0,1,0
270,Mike Tauchman,33,CHC,NL,0.4,83,305,264,45,65,12,1,6,21,6,1,36,60,0.246,0.344,0.367,0.712,100,0.321,100,97,5,4,0,1,0
271,Tyrone Taylor,30,NYM,NL,1.4,93,262,244,37,58,15,3,6,28,7,2,13,58,0.238,0.284,0.398,0.681,93,0.31,99,97,4,3,1,1,0
272,Abraham Toro,27,OAK,AL,0.4,89,354,330,34,80,17,1,6,26,4,2,17,60,0.242,0.29,0.355,0.644,85,0.284,83,117,4,5,2,0,1
273,Ramón Urías,30,BAL,AL,0.3,76,218,198,23,47,7,1,6,20,0,1,17,38,0.237,0.307,0.374,0.681,96,0.301,97,74,0,3,0,0,0
274,Enmanuel Valdéz,25,BOS,AL,-0.5,59,189,170,20,38,12,0,6,27,1,1,15,45,0.224,0.282,0.4,0.682,85,0.296,82,68,3,0,1,3,0
275,Francisco Alvarez,22,NYM,NL,0.8,61,221,202,21,52,12,2,5,27,1,0,17,56,0.257,0.317,0.411,0.728,108,0.323,108,83,6,1,0,1,0
276,Javier Báez,31,DET,AL,-1.4,76,275,258,24,47,12,0,5,35,8,1,12,62,0.182,0.222,0.287,0.509,40,0.233,35,74,10,2,0,3,1
277,Xander Bogaerts,31,SDP,NL,0.8,71,304,284,37,77,11,1,5,24,6,0,17,54,0.271,0.313,0.37,0.682,93,0.311,94,105,6,1,0,2,0
278,Willie Calhoun,29,LAA,AL,-0.2,67,250,226,26,56,16,0,5,20,0,1,22,31,0.248,0.316,0.385,0.701,95,0.303,91,87,4,1,0,1,1
279,Elias Díaz,33,COL,NL,1.2,84,327,304,26,82,18,0,5,36,0,0,17,64,0.27,0.315,0.378,0.693,88,0.307,85,115,13,4,0,2,2
280,Andrés Giménez,25,CLE,AL,2.8,112,465,426,50,108,17,1,5,47,19,3,20,65,0.254,0.302,0.333,0.636,79,0.291,77,142,10,12,2,5,1
281,Nick Gonzales,25,PIT,NL,0.6,65,267,248,28,64,13,2,5,39,3,1,11,57,0.258,0.293,0.387,0.68,90,0.295,85,96,3,3,1,4,1
282,Michael Harris II,23,ATL,NL,0.7,67,278,260,30,65,9,2,5,20,8,4,15,59,0.25,0.295,0.358,0.653,81,0.297,83,93,4,2,0,1,1
283,Jason Heyward,34,LAD,NL,0.7,59,191,167,24,34,10,2,5,24,4,0,17,36,0.204,0.288,0.377,0.665,87,0.295,83,63,3,4,0,3,0
284,Nico Hoerner,27,CHC,NL,1.8,112,484,434,62,112,23,1,5,36,22,3,36,52,0.258,0.329,0.35,0.679,91,0.316,93,152,6,11,0,3,1
285,Eloy Jiménez,27,2TM,AL,-0.3,74,275,254,19,67,11,0,5,20,3,0,19,54,0.264,0.316,0.366,0.683,93,0.3,89,93,12,1,0,1,1
286,Eloy Jiménez,27,CHW,AL,-0.6,65,249,229,18,55,9,0,5,16,3,0,18,47,0.24,0.297,0.345,0.642,82,0.284,76,79,11,1,0,1,1
287,Alex Kirilloff,26,MIN,AL,-0.5,57,178,159,20,32,8,3,5,20,0,0,15,47,0.201,0.27,0.384,0.653,81,0.286,78,61,5,1,0,3,0
288,Jorge Mateo,29,BAL,AL,0.8,68,208,192,30,44,14,2,5,18,13,2,10,48,0.229,0.267,0.401,0.668,90,0.293,83,77,3,1,2,3,0
289,Gabriel Moreno,24,ARI,NL,1.9,86,314,275,36,72,17,1,5,41,3,1,34,45,0.262,0.344,0.385,0.729,105,0.321,103,106,10,2,0,3,1
290,Edward Olivares,28,PIT,NL,-0.6,55,196,174,22,39,4,0,5,23,1,0,16,37,0.224,0.291,0.333,0.624,76,0.286,78,58,3,2,0,4,0
291,Richie Palacios,27,TBR,AL,2.1,88,301,253,46,59,8,1,5,21,19,1,42,66,0.233,0.35,0.332,0.682,98,0.324,101,84,4,4,0,1,2
292,Brayan Rocchio,23,CLE,AL,1.3,107,332,289,39,60,15,0,5,26,8,6,32,65,0.208,0.297,0.311,0.608,72,0.277,74,90,7,6,2,3,1
293,Donovan Solano,36,SDP,NL,0.9,63,215,198,23,61,9,0,5,27,1,1,13,41,0.308,0.358,0.429,0.787,123,0.349,126,85,6,3,0,1,0
294,DJ Stewart,30,NYM,NL,-0.5,71,187,151,15,26,4,0,5,19,1,0,31,45,0.172,0.326,0.298,0.624,82,0.298,91,45,5,4,0,1,0
295,Gio Urshela,32,DET,AL,-0.5,90,321,296,25,73,10,1,5,37,0,0,19,49,0.247,0.29,0.338,0.628,74,0.287,77,100,12,1,0,5,1
296,Cavan Biggio,29,LAD,NL,0,74,219,183,26,36,5,0,5,19,2,0,24,70,0.197,0.316,0.306,0.622,79,0.289,81,56,1,8,2,0,0
297,Ronald Acuña Jr.,26,ATL,NL,0,49,222,192,38,48,8,1,4,15,16,3,27,53,0.25,0.351,0.365,0.716,100,0.344,109,70,4,3,0,0,0
298,Miguel Amaya,25,CHC,NL,0.4,84,255,229,17,50,7,1,4,23,0,0,17,52,0.218,0.279,0.31,0.589,65,0.269,64,71,3,3,4,2,0
299,Miguel Andujar,29,OAK,AL,0.4,65,276,262,28,75,12,1,4,29,3,2,10,37,0.286,0.319,0.385,0.704,102,0.31,102,101,9,3,0,1,0
300,Brett Baty,24,NYM,NL,0.4,50,171,153,15,35,3,0,4,16,0,0,16,42,0.229,0.306,0.327,0.633,83,0.287,84,50,3,1,1,0,1
301,Bo Bichette,26,TOR,AL,-0.3,79,330,305,29,68,16,1,4,30,5,1,20,62,0.223,0.276,0.321,0.597,69,0.269,67,98,12,3,0,2,1
302,Pete Crow-Armstrong,22,CHC,NL,1.1,82,253,234,18,49,8,6,4,24,23,0,10,58,0.209,0.25,0.346,0.596,65,0.279,55,81,2,3,5,1,0
303,Mauricio Dubón,29,HOU,AL,0.6,97,303,286,38,72,20,0,4,34,2,2,10,39,0.252,0.279,0.364,0.643,81,0.283,80,104,4,2,2,3,0
304,Wilmer Flores,32,SFG,NL,-0.3,71,242,214,19,44,12,0,4,26,0,0,20,33,0.206,0.277,0.318,0.595,72,0.275,76,68,5,3,0,5,1
305,Yasmani Grandal,35,PIT,NL,-0.4,52,168,156,13,30,8,0,4,19,1,0,9,30,0.192,0.235,0.321,0.555,55,0.27,66,50,6,0,2,1,0
306,Randal Grichuk,32,ARI,NL,1.2,76,210,190,23,52,15,2,4,25,0,0,15,35,0.274,0.333,0.437,0.77,115,0.34,117,83,5,3,0,2,0
307,Ke'Bryan Hayes,27,PIT,NL,1.2,93,384,353,38,85,9,0,4,25,11,2,23,70,0.241,0.292,0.3,0.592,68,0.276,69,106,11,4,0,4,1
308,Andy Ibáñez,31,DET,AL,1.1,67,173,160,23,43,7,1,4,24,1,2,9,44,0.269,0.312,0.4,0.712,97,0.313,99,64,1,2,0,2,0
309,Kevin Kiermaier,34,LAD,NL,0.6,89,237,216,26,41,7,2,4,18,6,1,11,72,0.19,0.235,0.296,0.531,50,0.247,48,64,3,2,7,1,0
310,Kevin Kiermaier,34,TOR,AL,0.8,81,217,200,24,39,7,2,4,18,5,0,10,66,0.195,0.236,0.31,0.546,54,0.249,50,62,3,1,5,1,0
311,Manuel Margot,29,MIN,AL,-0.6,103,268,245,33,58,12,1,4,28,4,0,17,42,0.237,0.291,0.343,0.634,78,0.284,74,84,6,3,0,3,0
312,Chas McCormick,29,HOU,AL,-0.5,75,219,198,26,40,5,1,4,21,7,2,15,61,0.202,0.266,0.298,0.564,61,0.266,65,59,2,3,1,2,0
313,Elehuris Montero,25,COL,NL,-1.5,67,247,224,23,46,10,0,4,28,0,0,20,56,0.205,0.267,0.304,0.571,55,0.265,55,68,7,0,0,3,0
314,Lenyn Sosa,24,CHW,AL,-1.1,64,230,217,14,47,8,0,4,17,3,0,9,50,0.217,0.254,0.309,0.563,59,0.252,53,67,3,2,2,0,1
315,Michael A. Taylor,33,PIT,NL,1.2,91,252,225,30,46,8,1,4,20,9,1,19,84,0.204,0.262,0.302,0.564,59,0.263,57,68,2,0,4,4,0
316,Spencer Torkelson,24,DET,AL,-1.2,54,230,209,24,42,15,0,4,18,0,0,16,56,0.201,0.266,0.33,0.597,65,0.262,59,69,3,3,0,1,0
317,Jared Triolo,26,PIT,NL,0.6,85,303,268,25,53,8,0,4,27,5,1,28,78,0.198,0.277,0.272,0.55,57,0.267,63,73,5,3,0,4,0
318,LaMonte Wade Jr.,30,SFG,NL,2.3,83,279,225,36,63,12,0,4,20,1,1,46,62,0.28,0.406,0.387,0.793,131,0.353,133,87,2,4,1,3,3
319,Austin Hays,28,PHI,NL,0.3,73,214,195,23,50,15,0,4,18,2,1,9,51,0.256,0.31,0.395,0.705,102,0.313,104,77,2,7,1,2,1
320,Austin Hays,28,BAL,AL,0.1,63,175,157,18,40,13,0,3,14,0,1,9,40,0.255,0.316,0.395,0.711,104,0.315,108,62,1,6,1,2,1
321,Blaze Alexander,25,ARI,NL,0.1,58,175,158,19,41,7,0,3,21,3,1,13,45,0.259,0.328,0.361,0.688,94,0.312,95,57,1,3,1,0,0
322,Gabriel Arias,24,CLE,AL,-0.6,53,161,153,15,34,9,1,3,15,5,2,6,53,0.222,0.255,0.353,0.608,68,0.272,68,54,4,1,0,1,0
323,Luis Arráez,27,2TM,NL,0.4,113,508,481,63,147,22,2,3,33,5,3,18,26,0.306,0.338,0.378,0.716,101,0.318,101,182,17,6,2,1,1
324,Luis Arráez,27,SDP,NL,0.3,80,360,344,41,106,14,1,3,28,5,3,10,15,0.308,0.334,0.381,0.715,103,0.314,101,131,12,4,1,1,1
325,Jonny DeLuca,25,TBR,AL,-0.6,72,237,216,13,40,9,3,3,22,9,3,17,59,0.185,0.254,0.296,0.551,58,0.254,58,64,1,3,1,0,0
326,Jake Fraley,29,CIN,NL,0.5,86,279,256,35,71,12,2,3,21,16,5,18,54,0.277,0.33,0.375,0.705,96,0.316,93,96,5,3,0,2,0
327,Adam Frazier,32,KCR,AL,0.1,78,231,206,26,40,9,0,3,17,2,0,19,43,0.194,0.278,0.282,0.56,56,0.26,55,58,0,5,1,0,0
328,Robbie Grossman,34,2TM,AL,0.1,65,194,164,19,38,7,0,3,14,3,0,28,40,0.232,0.34,0.329,0.669,92,0.314,99,54,7,0,0,2,0
329,Iván Herrera,24,STL,NL,0.6,54,192,172,24,48,6,1,3,19,4,0,15,41,0.279,0.34,0.378,0.718,101,0.332,105,65,2,2,0,2,0
330,Nolan Jones,26,COL,NL,-0.5,49,191,163,19,33,7,1,3,14,3,3,25,63,0.202,0.311,0.313,0.623,71,0.283,71,51,4,1,1,1,2
331,Alejandro Kirk,25,TOR,AL,0.8,68,247,213,15,52,10,0,3,34,0,0,23,34,0.244,0.312,0.333,0.645,84,0.286,81,71,7,2,0,9,1
332,Otto López,25,MIA,NL,0.7,76,265,248,28,58,9,0,3,23,12,1,11,45,0.234,0.267,0.306,0.574,57,0.276,58,76,10,1,2,2,0
333,James McCann,34,BAL,AL,0.3,48,170,157,21,35,7,0,3,15,1,0,10,37,0.223,0.276,0.325,0.601,74,0.267,71,51,3,2,0,1,0
334,Zach McKinstry,29,DET,AL,0.4,82,234,215,22,42,10,4,3,17,9,0,17,56,0.195,0.256,0.321,0.577,60,0.267,56,69,2,1,0,1,0
335,Joey Meneses,32,WSN,NL,-0.4,76,313,281,19,65,11,0,3,42,2,0,21,63,0.231,0.291,0.302,0.593,71,0.28,78,85,9,5,0,6,1
336,Whit Merrifield,35,2TM,NL,0.1,67,222,193,30,39,5,2,3,12,14,3,24,29,0.202,0.297,0.295,0.592,68,0.3,82,57,3,2,3,0,0
337,Whit Merrifield,35,PHI,NL,0.1,53,174,156,21,31,4,1,3,11,11,1,15,19,0.199,0.277,0.295,0.572,62,0.293,75,46,2,2,1,0,0
338,Johan Rojas,23,PHI,NL,0.6,87,278,259,33,62,6,1,3,24,18,3,11,51,0.239,0.278,0.305,0.583,65,0.27,59,79,4,3,5,0,0
339,Miguel Rojas,35,LAD,NL,1.3,72,228,212,24,57,18,0,3,23,6,1,13,25,0.269,0.313,0.396,0.709,100,0.313,96,84,5,1,1,1,0
340,Ben Rortvedt,26,TBR,AL,1.3,84,249,218,25,56,11,0,3,28,1,0,29,65,0.257,0.349,0.349,0.698,102,0.32,107,76,6,2,0,0,0
341,Chris Taylor,33,LAD,NL,-0.8,64,189,162,17,27,5,1,3,15,3,1,23,62,0.167,0.277,0.265,0.542,55,0.271,68,43,4,2,1,1,0
342,Brett Wisely,25,SFG,NL,0.3,66,209,195,18,49,12,1,3,23,2,3,9,51,0.251,0.288,0.369,0.658,89,0.285,87,72,2,2,1,2,0
343,Vidal Bruján,26,MIA,NL,0.3,88,243,215,29,46,13,2,2,13,4,3,23,48,0.214,0.302,0.321,0.623,72,0.277,67,69,4,4,1,0,3
344,Dylan Carlson,25,TBR,AL,-0.6,69,172,150,15,31,6,0,2,17,0,1,15,46,0.207,0.291,0.287,0.577,63,0.259,60,43,2,4,0,3,0
345,Ezequiel Durán,25,TEX,AL,0.4,67,207,195,16,48,6,0,2,14,1,1,10,46,0.246,0.285,0.308,0.593,70,0.267,69,60,5,1,0,1,0
346,Nick Fortes,27,MIA,NL,-0.5,78,229,215,16,47,9,0,2,18,0,1,5,28,0.219,0.246,0.288,0.534,46,0.232,33,62,4,3,5,1,0
347,Sal Frelick,24,MIL,NL,1.6,108,400,356,53,94,14,3,2,23,15,3,36,64,0.264,0.338,0.337,0.675,90,0.318,95,120,4,4,1,0,0
348,DJ LeMahieu,35,NYY,AL,-1.2,57,191,167,16,33,5,0,2,23,0,1,18,28,0.198,0.274,0.263,0.537,52,0.251,55,44,10,1,1,4,0
349,Kevin Newman,30,ARI,NL,2.2,87,260,240,35,67,17,1,2,23,8,1,13,38,0.279,0.314,0.383,0.697,95,0.321,99,92,5,0,5,2,1
350,Amed Rosario,28,LAD,NL,0.6,81,287,275,23,84,18,3,2,28,10,5,8,50,0.305,0.331,0.415,0.746,112,0.33,115,114,9,3,0,1,0
351,Amed Rosario,28,TBR,AL,0.5,76,275,264,22,81,17,3,2,26,9,4,7,48,0.307,0.331,0.417,0.748,113,0.332,116,110,9,3,0,1,0
352,Michael Siani,24,STL,NL,1.1,101,259,234,36,60,6,2,2,18,14,3,11,69,0.256,0.297,0.325,0.622,74,0.281,66,76,2,3,10,1,0
353,Jacob Young,24,WSN,NL,2.7,109,385,344,62,87,17,1,2,25,27,6,23,78,0.253,0.316,0.326,0.641,85,0.304,89,112,8,9,8,1,0
354,Nick Ahmed,34,2TM,NL,-0.2,66,214,196,19,47,6,1,2,17,2,1,11,47,0.24,0.28,0.311,0.591,70,0.267,69,61,6,1,3,3,0
355,Nick Ahmed,34,SFG,NL,-0.2,52,172,155,13,36,6,1,1,15,1,1,10,35,0.232,0.278,0.303,0.581,68,0.263,68,47,6,1,3,3,0
356,Harold Ramírez,29,WAS,NL,-0.1,73,246,238,28,62,7,1,2,29,6,2,5,50,0.261,0.28,0.324,0.604,73,0.271,71,77,2,2,0,1,0
357,Harold Ramírez,29,TBR,AL,0.1,48,169,164,21,44,3,0,1,13,5,2,3,33,0.268,0.284,0.305,0.589,69,0.267,69,50,2,1,0,1,0
