Rank,Name,Tm,League,Year,Vote Pts,1st Place,Share,WAR,G,AB,R,H,HR,RBI,SB,BB,BA,OBP,SLG,OPS,W,L,ERA,WHIP,G,GS,SV,IP,H,HR,BB,SO
1,Don Newcombe,BRO,NL,1956,223,8,66%,5.3,52,111,13,26,2,16,1,12,0.234,0.312,0.342,0.654,27,7,3.06,0.989,38,36,0,268,219,33,46,139
2,Sal Maglie,BRO,NL,1956,183,4,54%,4.3,28,70,1,9,0,2,0,1,0.129,0.141,0.129,0.269,13,5,2.87,1.079,28,26,0,191,154,21,52,108
3,Henry Aaron,MLN,NL,1956,146,0,43%,7.2,153,609,106,200,26,92,2,37,0.328,0.365,0.558,0.923,,,,,,,,,,,,
4,Warren Spahn,MLN,NL,1956,126,1,38%,6,39,105,8,22,3,10,1,4,0.21,0.239,0.324,0.562,20,11,2.78,1.07,39,35,3,281.1,249,25,52,128
5,Jim Gilliam,BRO,NL,1956,103,4,31%,6.2,153,594,102,178,6,43,21,95,0.3,0.399,0.396,0.794,,,,,,,,,,,,
6,Roy McMillan,CIN,NL,1956,96,3,29%,4.4,150,479,51,126,3,62,4,76,0.263,0.366,0.344,0.71,,,,,,,,,,,,
7,Frank Robinson,CIN,NL,1956,79,0,24%,6.5,152,572,122,166,38,83,8,64,0.29,0.379,0.558,0.936,,,,,,,,,,,,
8,Pee Wee Reese,BRO,NL,1956,71,3,21%,2.6,147,572,85,147,9,46,13,56,0.257,0.322,0.344,0.667,,,,,,,,,,,,
9,Stan Musial,STL,NL,1956,62,0,18%,5.5,156,594,87,184,27,109,2,75,0.31,0.386,0.522,0.908,,,,,,,,,,,,
1,Henry Aaron,MLN,NL,1957,239,9,71%,8,151,615,118,198,44,132,1,57,0.322,0.378,0.6,0.978,,,,,,,,,,,,
2,Stan Musial,STL,NL,1957,230,5,68%,6.1,134,502,82,176,29,102,1,66,0.351,0.422,0.612,1.034,,,,,,,,,,,,
3,Red Schoendienst,TOT,NL,1957,221,8,66%,5.7,150,648,91,200,15,65,4,33,0.309,0.344,0.451,0.795,,,,,,,,,,,,
4,Willie Mays,NYG,NL,1957,174,1,52%,8.3,152,585,112,195,35,97,38,76,0.333,0.407,0.626,1.033,,,,,,,,,,,,
5,Warren Spahn,MLN,NL,1957,131,1,39%,4.7,39,94,3,13,2,8,0,4,0.138,0.17,0.245,0.415,21,11,2.69,1.177,39,35,3,271,241,23,78,111
6,Ernie Banks,CHC,NL,1957,60,0,18%,6.7,156,594,113,169,43,102,8,70,0.285,0.36,0.579,0.939,,,,,,,,,,,,
7,Gil Hodges,BRO,NL,1957,54,0,16%,4.3,150,579,94,173,27,98,5,63,0.299,0.366,0.511,0.877,,,,,,,,,,,,
8,Eddie Mathews,MLN,NL,1957,45,0,13%,7.4,148,572,109,167,32,94,3,90,0.292,0.387,0.54,0.927,,,,,,,,,,,,
9,Frank Robinson,CIN,NL,1957,42,0,13%,6.9,150,611,97,197,29,75,10,44,0.322,0.376,0.529,0.905,,,,,,,,,,,,
1,Ernie Banks,CHC,NL,1958,283,16,84%,9.3,154,617,119,193,47,129,4,52,0.313,0.366,0.614,0.98,,,,,,,,,,,,
2,Willie Mays,SFG,NL,1958,185,3,55%,10.2,152,600,121,208,29,96,31,78,0.347,0.419,0.583,1.002,,,,,,,,,,,,
3,Henry Aaron,MLN,NL,1958,166,0,49%,7.3,153,601,109,196,30,95,4,59,0.326,0.386,0.546,0.931,,,,,,,,,,,,
4,Frank Thomas,PIT,NL,1958,143,2,43%,3,149,562,89,158,35,109,0,42,0.281,0.334,0.528,0.863,,,,,,,,,,,,
5,Warren Spahn,MLN,NL,1958,108,1,32%,5.9,41,108,10,36,2,15,0,7,0.333,0.381,0.463,0.844,22,11,3.07,1.148,38,36,1,290,257,29,76,150
6,Bob Friend,PIT,NL,1958,98,0,29%,1.8,38,94,3,10,0,6,0,4,0.106,0.141,0.128,0.269,22,14,3.68,1.314,38,38,0,274,299,25,61,135
7,Richie Ashburn,PHI,NL,1958,62,0,18%,7,152,615,98,215,2,33,30,97,0.35,0.44,0.441,0.881,,,,,,,,,,,,
8,Bill Mazeroski,PIT,NL,1958,61,1,18%,4.8,152,567,69,156,19,68,1,25,0.275,0.308,0.439,0.747,,,,,,,,,,,,
9,Orlando Cepeda,SFG,NL,1958,57,0,17%,3,148,603,88,188,25,96,15,29,0.312,0.342,0.512,0.854,,,,,,,,,,,,
1,Ernie Banks,CHC,NL,1959,232,10,69%,10.2,155,589,97,179,45,143,2,64,0.304,0.374,0.596,0.97,,,,,,,,,,,,
2,Eddie Mathews,MLN,NL,1959,189,5,56%,8.2,148,594,118,182,46,114,2,80,0.306,0.39,0.593,0.983,,,,,,,,,,,,
3,Henry Aaron,MLN,NL,1959,174,2,52%,8.6,154,629,116,223,39,123,8,51,0.355,0.401,0.636,1.037,,,,,,,,,,,,
4,Wally Moon,LAD,NL,1959,161,4,48%,5.5,145,543,93,164,19,74,15,81,0.302,0.394,0.495,0.89,,,,,,,,,,,,
5,Sam Jones,SFG,NL,1959,130,0,39%,5.2,50,85,3,11,0,8,0,3,0.129,0.157,0.141,0.298,21,15,2.83,1.26,50,35,5,270.2,232,18,109,209
6,Willie Mays,SFG,NL,1959,85,0,25%,7.8,151,575,125,180,34,104,27,65,0.313,0.381,0.583,0.964,,,,,,,,,,,,
7,Roy Face,PIT,NL,1959,67,0,20%,3.2,58,13,0,3,0,0,0,0,0.231,0.231,0.231,0.462,18,1,2.7,1.243,57,0,10,93.1,91,5,25,69
8,Charlie Neal,LAD,NL,1959,64,0,19%,4.4,151,616,103,177,19,83,17,43,0.287,0.337,0.464,0.802,,,,,,,,,,,,
9,Frank Robinson,CIN,NL,1959,52,0,15%,5.8,146,540,106,168,36,125,18,69,0.311,0.391,0.583,0.975,,,,,,,,,,,,
1,Dick Groat,PIT,NL,1960,276,16,82%,6.1,138,573,85,186,2,50,0,39,0.325,0.371,0.394,0.766,,,,,,,,,,,,
2,Don Hoak,PIT,NL,1960,162,5,48%,5.4,155,553,97,156,16,79,3,74,0.282,0.366,0.445,0.81,,,,,,,,,,,,
3,Willie Mays,SFG,NL,1960,115,0,34%,9.5,153,595,107,190,29,103,25,61,0.319,0.381,0.555,0.936,,,,,,,,,,,,
4,Ernie Banks,CHC,NL,1960,100,0,30%,7.9,156,597,94,162,41,117,1,71,0.271,0.35,0.554,0.904,,,,,,,,,,,,
5,Lindy McDaniel,STL,NL,1960,95,0,28%,6,65,26,0,6,0,0,0,1,0.231,0.259,0.269,0.528,12,4,2.09,0.937,65,2,27,116.1,85,8,24,105
6,Ken Boyer,STL,NL,1960,80,0,24%,6.8,151,552,95,168,32,97,8,56,0.304,0.37,0.562,0.932,,,,,,,,,,,,
6,Vern Law,PIT,NL,1960,80,0,24%,4.8,35,94,10,17,1,7,0,2,0.181,0.196,0.309,0.504,20,9,3.08,1.126,35,35,0,271.2,266,25,40,120
8,Roberto Clemente,PIT,NL,1960,62,1,18%,4,144,570,89,179,16,94,4,39,0.314,0.357,0.458,0.815,,,,,,,,,,,,
9,Ernie Broglio,STL,NL,1960,58,0,17%,7.6,52,68,7,14,0,5,0,7,0.206,0.28,0.265,0.545,21,9,2.74,1.202,52,24,0,226.1,172,18,100,188
1,Frank Robinson,CIN,NL,1961,219,15,98%,7.7,153,545,117,176,37,124,22,71,0.323,0.404,0.611,1.015,,,,,,,,,,,,
2,Orlando Cepeda,SFG,NL,1961,117,0,52%,5.7,152,585,105,182,46,142,12,39,0.311,0.362,0.609,0.97,,,,,,,,,,,,
3,Vada Pinson,CIN,NL,1961,104,0,46%,7.5,154,607,101,208,16,87,23,39,0.343,0.379,0.504,0.883,,,,,,,,,,,,
4,Roberto Clemente,PIT,NL,1961,81,0,36%,6.4,146,572,100,201,23,89,4,35,0.351,0.39,0.559,0.949,,,,,,,,,,,,
5,Joey Jay,CIN,NL,1961,74,1,33%,3.8,34,89,3,8,0,5,0,2,0.09,0.11,0.124,0.233,21,10,3.53,1.249,34,34,0,247.1,217,25,92,157
6,Willie Mays,SFG,NL,1961,70,0,31%,8.7,154,572,129,176,40,123,18,81,0.308,0.393,0.584,0.977,,,,,,,,,,,,
7,Ken Boyer,STL,NL,1961,43,0,19%,8,153,589,109,194,24,95,6,68,0.329,0.397,0.533,0.93,,,,,,,,,,,,
8,Henry Aaron,MLN,NL,1961,39,0,17%,9.4,155,603,115,197,34,120,21,56,0.327,0.381,0.594,0.974,,,,,,,,,,,,
9,Maury Wills,LAD,NL,1961,36,0,16%,2.2,148,613,105,173,1,31,35,59,0.282,0.346,0.339,0.685,,,,,,,,,,,,
1,Maury Wills,LAD,NL,1962,209,8,75%,6,165,695,130,208,6,48,104,51,0.299,0.347,0.373,0.72,,,,,,,,,,,,
2,Willie Mays,SFG,NL,1962,202,7,72%,10.5,162,621,130,189,49,141,18,78,0.304,0.384,0.615,0.999,,,,,,,,,,,,
3,Tommy Davis,LAD,NL,1962,175,3,63%,6,163,665,120,230,27,153,18,33,0.346,0.374,0.535,0.91,,,,,,,,,,,,
4,Frank Robinson,CIN,NL,1962,164,2,59%,8.7,162,609,134,208,39,136,18,76,0.342,0.421,0.624,1.045,,,,,,,,,,,,
5,Don Drysdale,LAD,NL,1962,85,0,30%,5.9,43,111,9,22,0,14,0,5,0.198,0.246,0.252,0.498,25,9,2.83,1.113,43,41,1,314.1,272,21,78,232
6,Henry Aaron,MLN,NL,1962,72,0,26%,8.5,156,592,127,191,45,128,15,66,0.323,0.39,0.618,1.008,,,,,,,,,,,,
7,Jack Sanford,SFG,NL,1962,62,0,22%,3.3,39,98,5,15,0,4,0,4,0.153,0.183,0.184,0.366,24,7,3.43,1.225,39,38,0,265.1,233,23,92,147
8,Bob Purkey,CIN,NL,1962,33,0,12%,7,37,107,9,11,2,3,0,4,0.103,0.134,0.178,0.311,23,5,2.81,1.124,37,37,0,288.1,260,28,64,141
9,Frank Howard,LAD,NL,1962,32,0,11%,3.4,141,493,80,146,31,119,1,39,0.296,0.346,0.56,0.906,,,,,,,,,,,,
1,Sandy Koufax,LAD,NL,1963,237,14,85%,9.9,40,110,3,7,1,7,0,6,0.064,0.111,0.091,0.202,25,5,1.88,0.875,40,40,0,311,214,18,58,306
2,Dick Groat,STL,NL,1963,190,4,68%,7.1,158,631,85,201,6,73,3,56,0.319,0.377,0.45,0.827,,,,,,,,,,,,
3,Henry Aaron,MLN,NL,1963,135,1,48%,9.1,161,631,121,201,44,130,31,78,0.319,0.391,0.586,0.977,,,,,,,,,,,,
4,Ron Perranoski,LAD,NL,1963,130,0,46%,4.5,69,24,1,3,0,0,0,2,0.125,0.192,0.125,0.317,16,3,1.67,1.202,69,0,21,129,112,7,43,75
5,Willie Mays,SFG,NL,1963,102,0,36%,10.6,157,596,115,187,38,103,8,66,0.314,0.38,0.582,0.962,,,,,,,,,,,,
6,Jim Gilliam,LAD,NL,1963,62,1,22%,5.2,148,525,77,148,6,49,19,60,0.282,0.354,0.383,0.737,,,,,,,,,,,,
7,Bill White,STL,NL,1963,56,0,20%,6,162,658,106,200,27,109,10,59,0.304,0.36,0.491,0.851,,,,,,,,,,,,
8,Tommy Davis,LAD,NL,1963,41,0,15%,4,146,556,69,181,16,88,15,29,0.326,0.359,0.457,0.816,,,,,,,,,,,,
8,Ron Santo,CHC,NL,1963,41,0,15%,6.6,162,630,79,187,25,99,6,42,0.297,0.339,0.481,0.82,,,,,,,,,,,,
1,Ken Boyer,STL,NL,1964,243,14,87%,6.1,162,628,100,185,24,119,3,70,0.295,0.365,0.489,0.854,,,,,,,,,,,,
2,Johnny Callison,PHI,NL,1964,187,2,67%,6.1,162,654,101,179,31,104,6,36,0.274,0.316,0.492,0.809,,,,,,,,,,,,
3,Bill White,STL,NL,1964,106,2,38%,5.4,160,631,92,191,21,102,7,52,0.303,0.355,0.474,0.829,,,,,,,,,,,,
4,Frank Robinson,CIN,NL,1964,98,0,35%,7.9,156,568,103,174,29,96,23,79,0.306,0.396,0.548,0.943,,,,,,,,,,,,
5,Joe Torre,MLN,NL,1964,85,1,30%,5.4,154,601,87,193,20,109,2,36,0.321,0.365,0.498,0.863,,,,,,,,,,,,
6,Willie Mays,SFG,NL,1964,66,0,24%,11,157,578,121,171,47,111,19,82,0.296,0.383,0.607,0.99,,,,,,,,,,,,
7,Dick Allen,PHI,NL,1964,63,0,23%,8.8,162,632,125,201,29,91,3,67,0.318,0.382,0.557,0.939,,,,,,,,,,,,
8,Ron Santo,CHC,NL,1964,59,0,21%,8.9,161,592,94,185,30,114,3,86,0.313,0.398,0.564,0.962,,,,,,,,,,,,
9,Roberto Clemente,PIT,NL,1964,56,0,20%,7.2,155,622,95,211,12,87,5,51,0.339,0.388,0.484,0.872,,,,,,,,,,,,
1,Willie Mays,SFG,NL,1965,224,9,80%,11.2,157,558,118,177,52,112,9,76,0.317,0.398,0.645,1.043,,,,,,,,,,,,
2,Sandy Koufax,LAD,NL,1965,177,6,63%,8.6,43,113,4,20,0,7,0,10,0.177,0.242,0.195,0.437,26,8,2.04,0.855,43,41,2,335.2,216,26,71,382
3,Maury Wills,LAD,NL,1965,164,5,59%,5.2,158,650,92,186,0,33,94,40,0.286,0.33,0.329,0.66,,,,,,,,,,,,
4,Deron Johnson,CIN,NL,1965,108,0,39%,4,159,616,92,177,32,130,0,52,0.287,0.34,0.515,0.854,,,,,,,,,,,,
5,Don Drysdale,LAD,NL,1965,77,0,28%,5.4,58,130,18,39,7,19,0,5,0.3,0.331,0.508,0.839,23,12,2.77,1.09,44,42,1,308.1,270,30,66,210
6,Pete Rose,CIN,NL,1965,67,0,24%,5.6,162,670,117,209,11,81,8,69,0.312,0.382,0.446,0.828,,,,,,,,,,,,
7,Henry Aaron,MLN,NL,1965,58,0,21%,7.9,150,570,109,181,32,89,24,60,0.318,0.379,0.56,0.938,,,,,,,,,,,,
8,Roberto Clemente,PIT,NL,1965,56,0,20%,7.2,152,589,91,194,10,65,8,43,0.329,0.378,0.463,0.842,,,,,,,,,,,,
9,Juan Marichal,SFG,NL,1965,26,0,9%,10.5,39,98,2,17,0,9,0,1,0.173,0.18,0.204,0.384,22,13,2.13,0.914,39,37,1,295.1,224,27,46,240
1,Roberto Clemente,PIT,NL,1966,218,8,78%,8.2,154,638,105,202,29,119,7,46,0.317,0.36,0.536,0.896,,,,,,,,,,,,
2,Sandy Koufax,LAD,NL,1966,208,9,74%,9.7,41,118,5,9,0,5,0,5,0.076,0.113,0.102,0.215,27,9,1.73,0.985,41,41,0,323,241,19,77,317
3,Willie Mays,SFG,NL,1966,111,0,40%,9,152,552,99,159,37,103,5,70,0.288,0.368,0.556,0.924,,,,,,,,,,,,
4,Dick Allen,PHI,NL,1966,107,1,38%,7.5,141,524,112,166,40,110,10,68,0.317,0.396,0.632,1.027,,,,,,,,,,,,
5,Felipe Alou,ATL,NL,1966,83,2,30%,6.2,154,666,122,218,31,74,5,24,0.327,0.361,0.533,0.894,,,,,,,,,,,,
6,Juan Marichal,SFG,NL,1966,74,0,26%,9.7,37,112,10,28,1,15,0,2,0.25,0.263,0.321,0.585,25,6,2.23,0.859,37,36,0,307.1,228,32,36,222
7,Phil Regan,LAD,NL,1966,66,0,24%,5,65,21,2,3,0,0,0,3,0.143,0.25,0.143,0.393,14,1,1.62,0.934,65,0,21,116.2,85,6,24,88
8,Henry Aaron,ATL,NL,1966,57,0,20%,7.9,158,603,117,168,44,127,21,76,0.279,0.356,0.539,0.895,,,,,,,,,,,,
9,Matty Alou,PIT,NL,1966,36,0,13%,3.3,141,535,86,183,2,27,23,24,0.342,0.373,0.421,0.793,,,,,,,,,,,,
1,Orlando Cepeda,STL,NL,1967,280,20,100%,6.8,151,563,91,183,25,111,11,62,0.325,0.399,0.524,0.923,,,,,,,,,,,,
2,Tim McCarver,STL,NL,1967,136,0,49%,6,138,471,68,139,14,69,8,54,0.295,0.369,0.452,0.822,,,,,,,,,,,,
3,Roberto Clemente,PIT,NL,1967,129,0,46%,8.9,147,585,103,209,23,110,9,41,0.357,0.4,0.554,0.954,,,,,,,,,,,,
4,Ron Santo,CHC,NL,1967,103,0,37%,9.8,161,586,107,176,31,98,1,96,0.3,0.395,0.512,0.906,,,,,,,,,,,,
5,Henry Aaron,ATL,NL,1967,79,0,28%,8.5,155,600,113,184,39,109,17,63,0.307,0.369,0.573,0.943,,,,,,,,,,,,
6,Mike McCormick,SFG,NL,1967,73,0,26%,4.2,41,84,8,10,1,5,0,4,0.119,0.157,0.179,0.336,22,10,2.85,1.147,40,35,0,262.1,220,25,81,150
7,Lou Brock,STL,NL,1967,49,0,18%,5.6,159,689,113,206,21,76,52,24,0.299,0.327,0.472,0.799,,,,,,,,,,,,
8,Tony Pérez,CIN,NL,1967,43,0,15%,3.2,156,600,78,174,26,102,0,33,0.29,0.328,0.49,0.818,,,,,,,,,,,,
9,Julián Javier,STL,NL,1967,41,0,15%,2.6,140,520,68,146,14,64,6,25,0.281,0.314,0.404,0.718,,,,,,,,,,,,
1,Bob Gibson,STL,NL,1968,242,14,86%,11.9,35,94,3,16,0,6,1,7,0.17,0.233,0.223,0.456,22,9,1.12,0.853,34,34,0,304.2,198,11,62,268
2,Pete Rose,CIN,NL,1968,205,6,73%,5.5,149,626,94,210,10,49,3,56,0.335,0.391,0.47,0.861,,,,,,,,,,,,
3,Willie McCovey,SFG,NL,1968,135,0,48%,7,148,523,81,153,36,105,4,72,0.293,0.378,0.545,0.923,,,,,,,,,,,,
4,Curt Flood,STL,NL,1968,116,0,41%,4.1,150,618,71,186,5,60,11,33,0.301,0.339,0.366,0.705,,,,,,,,,,,,
5,Juan Marichal,SFG,NL,1968,93,0,33%,5.6,38,123,8,20,0,5,0,2,0.163,0.181,0.195,0.376,26,9,2.43,1.047,38,38,0,325.2,295,21,46,218
6,Lou Brock,STL,NL,1968,73,0,26%,5.8,159,660,92,184,6,51,62,46,0.279,0.328,0.418,0.746,,,,,,,,,,,,
7,Mike Shannon,STL,NL,1968,55,0,20%,3.6,156,576,62,153,15,79,1,37,0.266,0.309,0.401,0.71,,,,,,,,,,,,
8,Billy Williams,CHC,NL,1968,48,0,17%,4.6,163,642,91,185,30,98,4,48,0.288,0.336,0.5,0.836,,,,,,,,,,,,
9,Glenn Beckert,CHC,NL,1968,40,0,14%,5.6,155,643,98,189,4,37,8,31,0.294,0.326,0.369,0.695,,,,,,,,,,,,
1,Willie McCovey,SFG,NL,1969,265,11,79%,8.1,149,491,101,157,45,126,0,121,0.32,0.453,0.656,1.108,,,,,,,,,,,,
2,Tom Seaver,NYM,NL,1969,243,11,72%,7.2,39,91,7,11,0,6,1,7,0.121,0.2,0.154,0.354,25,7,2.21,1.039,36,35,0,273.1,202,24,82,208
3,Henry Aaron,ATL,NL,1969,188,2,56%,8,147,547,100,164,44,97,9,87,0.3,0.396,0.607,1.003,,,,,,,,,,,,
4,Pete Rose,CIN,NL,1969,127,0,38%,6.6,156,627,120,218,16,82,7,88,0.348,0.428,0.512,0.94,,,,,,,,,,,,
5,Ron Santo,CHC,NL,1969,124,0,37%,5.5,160,575,97,166,29,123,1,96,0.289,0.384,0.485,0.869,,,,,,,,,,,,
6,Tommie Agee,NYM,NL,1969,89,0,26%,5.2,149,565,97,153,26,76,12,59,0.271,0.342,0.464,0.806,,,,,,,,,,,,
7,Cleon Jones,NYM,NL,1969,82,0,24%,7,137,483,92,164,12,75,16,64,0.34,0.422,0.482,0.904,,,,,,,,,,,,
8,Roberto Clemente,PIT,NL,1969,51,0,15%,7.5,138,507,87,175,19,91,4,56,0.345,0.411,0.544,0.955,,,,,,,,,,,,
9,Phil Niekro,ATL,NL,1969,47,0,14%,6.3,40,95,11,20,0,7,0,2,0.211,0.227,0.253,0.479,23,13,2.56,1.027,40,35,1,284.1,235,21,57,193
1,Johnny Bench,CIN,NL,1970,326,22,97%,7.4,158,605,97,177,45,148,5,54,0.293,0.345,0.587,0.932,,,,,,,,,,,,
2,Billy Williams,CHC,NL,1970,218,2,65%,6.6,161,636,137,205,42,129,7,72,0.322,0.391,0.586,0.977,,,,,,,,,,,,
3,Tony Pérez,CIN,NL,1970,149,0,44%,7.2,158,587,107,186,40,129,8,83,0.317,0.401,0.589,0.99,,,,,,,,,,,,
4,Bob Gibson,STL,NL,1970,110,0,33%,10.1,40,109,14,33,2,19,0,8,0.303,0.347,0.404,0.751,23,7,3.12,1.19,34,34,0,294,262,13,88,274
5,Wes Parker,LAD,NL,1970,91,0,27%,5.2,161,614,84,196,10,111,8,79,0.319,0.392,0.458,0.85,,,,,,,,,,,,
6,Dave Giusti,PIT,NL,1970,72,0,21%,1.9,66,16,1,3,0,3,0,3,0.188,0.316,0.313,0.628,9,3,3.06,1.33,66,1,26,103,98,7,39,85
7,Pete Rose,CIN,NL,1970,54,0,16%,4.8,159,649,120,205,15,52,12,73,0.316,0.385,0.47,0.855,,,,,,,,,,,,
8,Jim Hickman,CHC,NL,1970,52,0,15%,5,149,514,102,162,32,115,0,93,0.315,0.419,0.582,1.001,,,,,,,,,,,,
9,Willie McCovey,SFG,NL,1970,47,0,14%,6.6,152,495,98,143,39,126,0,137,0.289,0.444,0.612,1.056,,,,,,,,,,,,
1,Joe Torre,STL,NL,1971,318,21,95%,5.9,161,634,97,230,24,137,4,63,0.363,0.421,0.555,0.976,,,,,,,,,,,,
2,Willie Stargell,PIT,NL,1971,222,3,66%,7.9,141,511,104,151,48,125,0,83,0.295,0.398,0.628,1.026,,,,,,,,,,,,
3,Henry Aaron,ATL,NL,1971,180,0,54%,7.2,139,495,95,162,47,118,1,71,0.327,0.41,0.669,1.079,,,,,,,,,,,,
4,Bobby Bonds,SFG,NL,1971,139,0,41%,6.7,155,619,110,178,33,102,26,62,0.288,0.355,0.512,0.867,,,,,,,,,,,,
5,Roberto Clemente,PIT,NL,1971,87,0,26%,7.2,132,522,82,178,13,86,1,26,0.341,0.37,0.502,0.871,,,,,,,,,,,,
6,Maury Wills,LAD,NL,1971,74,0,22%,2.5,149,601,73,169,3,44,15,40,0.281,0.323,0.329,0.652,,,,,,,,,,,,
7,Fergie Jenkins,CHC,NL,1971,71,0,21%,11.8,39,115,13,28,6,20,0,7,0.243,0.282,0.478,0.761,24,13,2.77,1.049,39,39,0,325,304,29,37,263
8,Manny Sanguillén,PIT,NL,1971,49,0,15%,5,138,533,60,170,7,81,6,19,0.319,0.345,0.426,0.771,,,,,,,,,,,,
9,Tom Seaver,NYM,NL,1971,46,0,14%,10.9,39,92,8,18,1,7,0,6,0.196,0.245,0.261,0.506,20,10,1.76,0.946,36,35,0,286.1,210,18,61,289
1,Johnny Bench,CIN,NL,1972,263,11,78%,8.6,147,538,87,145,40,125,6,100,0.27,0.379,0.541,0.92,,,,,,,,,,,,
2,Billy Williams,CHC,NL,1972,211,5,63%,6.2,150,574,95,191,37,122,3,62,0.333,0.398,0.606,1.005,,,,,,,,,,,,
3,Willie Stargell,PIT,NL,1972,201,2,60%,3.9,138,495,74,145,33,112,1,65,0.293,0.373,0.558,0.93,,,,,,,,,,,,
4,Joe Morgan,CIN,NL,1972,197,5,59%,9.3,149,552,122,161,16,73,58,115,0.292,0.417,0.435,0.851,,,,,,,,,,,,
5,Steve Carlton,PHI,NL,1972,124,1,37%,12.5,41,117,6,23,1,8,0,5,0.197,0.236,0.265,0.501,27,10,1.97,0.993,41,41,0,346.1,257,17,87,310
6,César Cedeño,HOU,NL,1972,112,0,33%,8,139,559,103,179,22,82,55,56,0.32,0.385,0.537,0.921,,,,,,,,,,,,
7,Al Oliver,PIT,NL,1972,52,0,15%,3.2,140,565,88,176,12,89,2,34,0.312,0.352,0.437,0.789,,,,,,,,,,,,
8,Nate Colbert,SDP,NL,1972,45,0,13%,5.4,151,563,87,141,38,111,15,70,0.25,0.333,0.508,0.841,,,,,,,,,,,,
9,Lee May,HOU,NL,1972,30,0,9%,2.8,148,592,87,168,29,98,3,52,0.284,0.343,0.49,0.833,,,,,,,,,,,,
1,Pete Rose,CIN,NL,1973,274,12,82%,8.3,160,680,115,230,5,64,10,65,0.338,0.401,0.437,0.838,,,,,,,,,,,,
2,Willie Stargell,PIT,NL,1973,250,10,74%,7.2,148,522,106,156,44,119,0,80,0.299,0.392,0.646,1.038,,,,,,,,,,,,
3,Bobby Bonds,SFG,NL,1973,174,1,52%,7.8,160,643,131,182,39,96,43,87,0.283,0.37,0.53,0.9,,,,,,,,,,,,
4,Joe Morgan,CIN,NL,1973,102,1,30%,9.3,157,576,116,167,26,82,67,111,0.29,0.406,0.493,0.899,,,,,,,,,,,,
5,Mike Marshall,MON,NL,1973,93,0,28%,3.3,92,33,1,8,0,3,0,2,0.242,0.286,0.242,0.528,14,11,2.66,1.33,92,0,31,179,163,10,75,124
6,Lou Brock,STL,NL,1973,65,0,19%,2.1,160,650,110,193,7,63,70,71,0.297,0.364,0.398,0.762,,,,,,,,,,,,
7,Tony Pérez,CIN,NL,1973,59,0,18%,5.3,151,564,73,177,27,101,3,74,0.314,0.393,0.527,0.919,,,,,,,,,,,,
8,Tom Seaver,NYM,NL,1973,57,0,17%,11,39,93,9,15,1,5,1,7,0.161,0.22,0.237,0.457,19,10,2.08,0.976,36,36,0,290,219,23,64,251
9,Ken Singleton,MON,NL,1973,52,0,15%,5.7,162,560,100,169,23,103,2,123,0.302,0.425,0.479,0.904,,,,,,,,,,,,
1,Steve Garvey,LAD,NL,1974,270,13,80%,4.4,156,642,95,200,21,111,5,31,0.312,0.342,0.469,0.811,,,,,,,,,,,,
2,Lou Brock,STL,NL,1974,233,8,69%,3.5,153,635,105,194,3,48,118,61,0.306,0.368,0.381,0.749,,,,,,,,,,,,
3,Mike Marshall,LAD,NL,1974,146,1,43%,3.2,106,34,2,8,0,2,0,0,0.235,0.235,0.235,0.471,15,12,2.42,1.186,106,0,21,208.1,191,9,56,143
4,Johnny Bench,CIN,NL,1974,141,0,42%,7.8,160,621,108,174,33,129,5,80,0.28,0.363,0.507,0.87,,,,,,,,,,,,
5,Jim Wynn,LAD,NL,1974,137,0,41%,7.7,150,535,104,145,32,108,18,108,0.271,0.387,0.497,0.884,,,,,,,,,,,,
6,Mike Schmidt,PHI,NL,1974,136,0,40%,9.8,162,568,108,160,36,116,23,106,0.282,0.395,0.546,0.941,,,,,,,,,,,,
7,Al Oliver,PIT,NL,1974,87,0,26%,4.7,147,617,96,198,11,85,10,33,0.321,0.358,0.475,0.832,,,,,,,,,,,,
8,Joe Morgan,CIN,NL,1974,72,0,21%,8.6,149,512,107,150,22,67,58,120,0.293,0.427,0.494,0.921,,,,,,,,,,,,
9,Richie Zisk,PIT,NL,1974,54,0,16%,5.2,149,536,75,168,17,100,1,65,0.313,0.386,0.476,0.862,,,,,,,,,,,,
1,Joe Morgan,CIN,NL,1975,321,21,96%,11,146,498,107,163,17,94,67,132,0.327,0.466,0.508,0.974,,,,,,,,,,,,
2,Greg Luzinski,PHI,NL,1975,154,0,46%,3.2,161,596,85,179,34,120,3,89,0.3,0.394,0.54,0.934,,,,,,,,,,,,
3,Dave Parker,PIT,NL,1975,120,0,36%,6.3,148,558,75,172,25,101,8,38,0.308,0.357,0.541,0.898,,,,,,,,,,,,
4,Johnny Bench,CIN,NL,1975,117,0,35%,6.6,142,530,83,150,28,110,11,65,0.283,0.359,0.519,0.878,,,,,,,,,,,,
5,Pete Rose,CIN,NL,1975,114,2,34%,4.1,162,662,112,210,7,74,0,89,0.317,0.406,0.432,0.838,,,,,,,,,,,,
6,Ted Simmons,STL,NL,1975,103,0,31%,4.9,157,581,80,193,18,100,1,63,0.332,0.396,0.491,0.887,,,,,,,,,,,,
7,Willie Stargell,PIT,NL,1975,69,0,21%,3.6,124,461,71,136,22,90,0,58,0.295,0.375,0.516,0.891,,,,,,,,,,,,
8,Al Hrabosky,STL,NL,1975,66,0,20%,4,65,15,2,3,0,4,0,2,0.2,0.294,0.2,0.494,13,3,1.66,1.079,65,0,22,97.1,72,3,33,82
9,Tom Seaver,NYM,NL,1975,65,0,19%,8.2,37,95,7,17,0,5,0,8,0.179,0.25,0.189,0.439,22,9,2.38,1.088,36,36,0,280.1,217,11,88,243
1,Joe Morgan,CIN,NL,1976,311,19,93%,9.6,141,472,113,151,27,111,60,114,0.32,0.444,0.576,1.02,,,,,,,,,,,,
2,George Foster,CIN,NL,1976,221,5,66%,5.9,144,562,86,172,29,121,17,52,0.306,0.364,0.53,0.894,,,,,,,,,,,,
3,Mike Schmidt,PHI,NL,1976,179,0,53%,8,160,584,112,153,38,107,14,100,0.262,0.376,0.524,0.9,,,,,,,,,,,,
4,Pete Rose,CIN,NL,1976,131,0,39%,7,162,665,130,215,10,63,9,86,0.323,0.404,0.45,0.854,,,,,,,,,,,,
5,Garry Maddox,PHI,NL,1976,98,0,29%,6.4,146,531,75,175,6,68,29,42,0.33,0.377,0.456,0.833,,,,,,,,,,,,
6,Steve Garvey,LAD,NL,1976,51,0,15%,4.7,162,631,85,200,13,80,19,50,0.317,0.363,0.45,0.813,,,,,,,,,,,,
6,Bill Madlock,CHC,NL,1976,51,0,15%,4.3,142,514,68,174,15,84,15,56,0.339,0.412,0.5,0.912,,,,,,,,,,,,
8,Ken Griffey,CIN,NL,1976,49,0,15%,4.6,148,562,111,189,6,74,34,62,0.336,0.401,0.45,0.851,,,,,,,,,,,,
8,Greg Luzinski,PHI,NL,1976,49,0,15%,2.4,149,533,74,162,21,95,1,50,0.304,0.369,0.478,0.847,,,,,,,,,,,,
1,George Foster,CIN,NL,1977,291,15,87%,8.4,158,615,124,197,52,149,6,61,0.32,0.382,0.631,1.013,,,,,,,,,,,,
2,Greg Luzinski,PHI,NL,1977,255,9,76%,4.2,149,554,99,171,39,130,3,80,0.309,0.394,0.594,0.988,,,,,,,,,,,,
3,Dave Parker,PIT,NL,1977,156,0,46%,7.4,159,637,107,215,21,88,17,58,0.338,0.397,0.531,0.927,,,,,,,,,,,,
4,Reggie Smith,LAD,NL,1977,112,0,33%,6.1,148,488,104,150,32,87,7,104,0.307,0.427,0.576,1.003,,,,,,,,,,,,
5,Steve Carlton,PHI,NL,1977,100,0,30%,7,36,97,7,26,3,15,0,2,0.268,0.282,0.402,0.684,23,10,2.64,1.124,36,36,0,283,229,25,89,198
6,Steve Garvey,LAD,NL,1977,98,0,29%,3.8,162,646,91,192,33,115,9,38,0.297,0.335,0.498,0.834,,,,,,,,,,,,
7,Bruce Sutter,CHC,NL,1977,68,0,20%,6.5,62,20,4,3,0,0,0,2,0.15,0.227,0.15,0.377,7,3,1.34,0.857,62,0,31,107.1,69,5,23,129
8,Ron Cey,LAD,NL,1977,60,0,18%,3.5,153,564,77,136,30,110,3,93,0.241,0.347,0.45,0.797,,,,,,,,,,,,
9,Ted Simmons,STL,NL,1977,58,0,17%,5.2,150,516,82,164,21,95,2,79,0.318,0.408,0.5,0.908,,,,,,,,,,,,
1,Dave Parker,PIT,NL,1978,320,21,95%,7,148,581,102,194,30,117,20,57,0.334,0.394,0.585,0.979,,,,,,,,,,,,
2,Steve Garvey,LAD,NL,1978,194,0,58%,4.7,162,639,89,202,21,113,10,40,0.316,0.353,0.499,0.852,,,,,,,,,,,,
3,Larry Bowa,PHI,NL,1978,189,3,56%,5.8,156,654,78,192,3,43,27,24,0.294,0.319,0.37,0.689,,,,,,,,,,,,
4,Reggie Smith,LAD,NL,1978,164,0,49%,4.5,128,447,82,132,29,93,12,70,0.295,0.382,0.559,0.942,,,,,,,,,,,,
5,Jack Clark,SFG,NL,1978,107,0,32%,5.9,156,592,90,181,25,98,15,50,0.306,0.358,0.537,0.895,,,,,,,,,,,,
6,George Foster,CIN,NL,1978,104,0,31%,4.9,158,604,97,170,40,120,4,70,0.281,0.36,0.546,0.906,,,,,,,,,,,,
7,Greg Luzinski,PHI,NL,1978,48,0,14%,5.2,155,540,85,143,35,101,8,100,0.265,0.388,0.526,0.914,,,,,,,,,,,,
8,Gaylord Perry,SDP,NL,1978,45,0,13%,3.8,37,87,5,8,0,3,0,2,0.092,0.112,0.115,0.227,21,6,2.73,1.178,37,37,0,260.2,241,9,66,154
9,Willie Stargell,PIT,NL,1978,39,0,12%,3.1,122,390,60,115,28,97,3,50,0.295,0.382,0.567,0.949,,,,,,,,,,,,
1,Keith Hernandez,STL,NL,1979,216,4,64%,7.6,161,610,116,210,11,105,11,80,0.344,0.417,0.513,0.93,,,,,,,,,,,,
1,Willie Stargell,PIT,NL,1979,216,10,64%,2.5,126,424,60,119,32,82,0,47,0.281,0.352,0.552,0.904,,,,,,,,,,,,
3,Dave Winfield,SDP,NL,1979,155,4,46%,8.3,159,597,97,184,34,118,15,85,0.308,0.395,0.558,0.953,,,,,,,,,,,,
4,Larry Parrish,MON,NL,1979,128,0,38%,4.6,153,544,83,167,30,82,5,41,0.307,0.357,0.551,0.909,,,,,,,,,,,,
5,Ray Knight,CIN,NL,1979,82,2,24%,3.1,150,551,64,175,10,79,4,38,0.318,0.36,0.454,0.814,,,,,,,,,,,,
6,Joe Niekro,HOU,NL,1979,75,1,22%,3.2,38,83,1,10,0,4,0,2,0.12,0.14,0.145,0.284,21,11,3,1.244,38,38,0,263.2,221,17,107,119
7,Bruce Sutter,CHC,NL,1979,69,0,21%,5.1,62,12,0,3,0,3,1,1,0.25,0.308,0.25,0.558,6,6,2.22,0.977,62,0,37,101.1,67,3,32,110
8,Kent Tekulve,PIT,NL,1979,64,1,19%,3.2,94,15,3,2,0,1,0,1,0.133,0.188,0.133,0.321,10,8,2.75,1.176,94,0,31,134.1,109,5,49,75
9,Dave Concepción,CIN,NL,1979,63,0,19%,4.9,149,590,91,166,16,84,19,64,0.281,0.348,0.415,0.764,,,,,,,,,,,,
1,Mike Schmidt,PHI,NL,1980,336,24,100%,8.9,150,548,104,157,48,121,12,89,0.286,0.38,0.624,1.004,,,,,,,,,,,,
2,Gary Carter,MON,NL,1980,193,0,57%,6.5,154,549,76,145,29,101,3,58,0.264,0.331,0.486,0.818,,,,,,,,,,,,
3,José Cruz,HOU,NL,1980,166,0,49%,4.8,160,612,79,185,11,91,36,60,0.302,0.36,0.426,0.787,,,,,,,,,,,,
4,Dusty Baker,LAD,NL,1980,138,0,41%,4.6,153,579,80,170,29,97,12,43,0.294,0.339,0.503,0.842,,,,,,,,,,,,
5,Steve Carlton,PHI,NL,1980,134,0,40%,10.1,38,101,7,19,0,6,0,1,0.188,0.19,0.198,0.388,24,9,2.34,1.095,38,38,0,304,243,15,90,286
6,Steve Garvey,LAD,NL,1980,131,0,39%,3,163,658,78,200,26,106,6,36,0.304,0.341,0.467,0.808,,,,,,,,,,,,
7,Andre Dawson,MON,NL,1980,72,0,21%,6.9,151,577,96,178,17,87,34,44,0.308,0.358,0.492,0.85,,,,,,,,,,,,
8,George Hendrick,STL,NL,1980,50,0,15%,3.9,150,572,73,173,25,109,6,32,0.302,0.342,0.498,0.84,,,,,,,,,,,,
9,Bob Horner,ATL,NL,1980,42,0,13%,4.4,124,463,81,124,35,89,3,27,0.268,0.307,0.529,0.836,,,,,,,,,,,,
1,Mike Schmidt,PHI,NL,1981,321,21,96%,7.7,102,354,78,112,31,91,12,73,0.316,0.435,0.644,1.08,,,,,,,,,,,,
2,Andre Dawson,MON,NL,1981,215,2,64%,7.5,103,394,71,119,24,64,26,35,0.302,0.365,0.553,0.918,,,,,,,,,,,,
3,George Foster,CIN,NL,1981,146,0,43%,3.7,108,414,64,122,22,90,4,51,0.295,0.373,0.519,0.892,,,,,,,,,,,,
4,Dave Concepción,CIN,NL,1981,108,0,32%,3.7,106,421,57,129,5,67,4,37,0.306,0.358,0.409,0.767,,,,,,,,,,,,
5,Fernando Valenzuela,LAD,NL,1981,90,1,27%,5.3,25,64,3,16,0,7,0,1,0.25,0.262,0.281,0.543,13,7,2.48,1.045,25,25,0,192.1,140,11,61,180
6,Gary Carter,MON,NL,1981,77,0,23%,3.8,100,374,48,94,16,68,1,35,0.251,0.313,0.444,0.756,,,,,,,,,,,,
7,Dusty Baker,LAD,NL,1981,65,0,19%,2.8,103,400,48,128,9,49,10,29,0.32,0.363,0.445,0.808,,,,,,,,,,,,
8,Bruce Sutter,STL,NL,1981,59,0,18%,1.5,48,9,0,0,0,1,0,0,0,0.1,0,0.1,3,5,2.62,1.069,48,0,25,82.1,64,5,24,57
9,Steve Carlton,PHI,NL,1981,41,0,12%,5.5,24,67,5,9,0,4,0,2,0.134,0.159,0.224,0.383,13,4,2.42,1.126,24,24,0,190,152,9,62,179
1,Dale Murphy,ATL,NL,1982,283,14,84%,6.1,162,598,113,168,36,109,23,93,0.281,0.378,0.507,0.885,,,,,,,,,,,,
2,Lonnie Smith,STL,NL,1982,218,8,65%,6.2,156,592,120,182,8,69,68,64,0.307,0.381,0.434,0.815,,,,,,,,,,,,
3,Pedro Guerrero,LAD,NL,1982,175,0,52%,6.8,150,575,87,175,32,100,22,65,0.304,0.378,0.536,0.914,,,,,,,,,,,,
3,Al Oliver,MON,NL,1982,175,0,52%,5.2,160,617,90,204,22,109,5,61,0.331,0.392,0.514,0.906,,,,,,,,,,,,
5,Bruce Sutter,STL,NL,1982,134,2,40%,1,70,8,1,1,0,1,0,0,0.125,0.111,0.125,0.236,9,8,2.9,1.192,70,0,36,102.1,88,8,34,61
6,Mike Schmidt,PHI,NL,1982,54,0,16%,7.4,148,514,108,144,35,87,14,107,0.28,0.403,0.547,0.949,,,,,,,,,,,,
7,Jack Clark,SFG,NL,1982,53,0,16%,4,157,563,90,154,27,103,6,90,0.274,0.372,0.481,0.853,,,,,,,,,,,,
8,Greg Minton,SFG,NL,1982,44,0,13%,5.5,78,17,2,3,0,1,0,0,0.176,0.167,0.235,0.402,10,4,1.83,1.22,78,0,30,123,108,5,42,58
9,Steve Carlton,PHI,NL,1982,41,0,12%,6.1,38,101,8,22,2,8,0,0,0.218,0.218,0.317,0.535,23,11,3.1,1.147,38,38,0,295.2,253,17,86,286
1,Dale Murphy,ATL,NL,1983,318,21,95%,7.1,162,589,131,178,36,121,30,90,0.302,0.393,0.54,0.933,,,,,,,,,,,,
2,Andre Dawson,MON,NL,1983,213,1,63%,6.9,159,633,104,189,32,113,25,38,0.299,0.338,0.539,0.877,,,,,,,,,,,,
3,Mike Schmidt,PHI,NL,1983,191,1,57%,6.9,154,534,104,136,40,109,7,128,0.255,0.399,0.524,0.923,,,,,,,,,,,,
4,Pedro Guerrero,LAD,NL,1983,182,1,54%,5.5,160,584,87,174,32,103,23,72,0.298,0.373,0.531,0.904,,,,,,,,,,,,
5,Tim Raines,MON,NL,1983,83,0,25%,6,156,615,133,183,11,71,90,97,0.298,0.393,0.429,0.822,,,,,,,,,,,,
6,José Cruz,HOU,NL,1983,76,0,23%,6.2,160,594,85,189,14,92,30,65,0.318,0.385,0.463,0.848,,,,,,,,,,,,
7,Dickie Thon,HOU,NL,1983,67,0,20%,7.4,154,619,81,177,20,79,34,54,0.286,0.341,0.457,0.798,,,,,,,,,,,,
8,Bill Madlock,PIT,NL,1983,45,0,13%,2.4,130,473,68,153,12,68,3,49,0.323,0.386,0.444,0.83,,,,,,,,,,,,
9,Al Holland,PHI,NL,1983,42,0,13%,3.2,68,7,0,0,0,0,0,0,0,0,0,0,8,4,2.26,1.015,68,0,25,91.2,63,8,30,100
1,Ryne Sandberg,CHC,NL,1984,326,22,97%,8.5,156,636,114,200,19,84,32,52,0.314,0.367,0.52,0.887,,,,,,,,,,,,
2,Keith Hernandez,NYM,NL,1984,195,1,58%,6.3,154,550,83,171,15,94,2,97,0.311,0.409,0.449,0.859,,,,,,,,,,,,
3,Tony Gwynn,SDP,NL,1984,184,1,55%,6.3,158,606,88,213,5,71,33,59,0.351,0.41,0.444,0.853,,,,,,,,,,,,
4,Rick Sutcliffe,CHC,NL,1984,151,0,45%,4.2,20,56,3,14,0,6,0,2,0.25,0.276,0.304,0.579,16,1,2.69,1.078,20,20,0,150.1,123,9,39,155
5,Gary Matthews,CHC,NL,1984,70,0,21%,3.2,147,491,101,143,14,82,17,103,0.291,0.41,0.428,0.838,,,,,,,,,,,,
6,Bruce Sutter,STL,NL,1984,67,0,20%,4.3,71,10,0,0,0,0,0,0,0,0,0,0,5,7,1.54,1.076,71,0,45,122.2,109,9,23,77
7,Mike Schmidt,PHI,NL,1984,55,0,16%,7,151,528,93,146,36,106,5,92,0.277,0.383,0.536,0.919,,,,,,,,,,,,
8,José Cruz,HOU,NL,1984,53,0,16%,6.3,160,600,96,187,12,95,22,73,0.312,0.381,0.462,0.842,,,,,,,,,,,,
9,Dale Murphy,ATL,NL,1984,52,0,15%,5.5,162,607,94,176,36,100,19,79,0.29,0.372,0.547,0.919,,,,,,,,,,,,
1,Willie McGee,STL,NL,1985,280,14,83%,8.2,152,612,114,216,10,82,56,34,0.353,0.384,0.503,0.887,,,,,,,,,,,,
2,Dave Parker,CIN,NL,1985,220,6,65%,4.7,160,635,88,198,34,125,5,52,0.312,0.365,0.551,0.916,,,,,,,,,,,,
3,Pedro Guerrero,LAD,NL,1985,208,3,62%,8,137,487,99,156,33,87,12,83,0.32,0.422,0.577,0.999,,,,,,,,,,,,
4,Dwight Gooden,NYM,NL,1985,162,1,48%,13.3,35,93,11,21,1,9,0,5,0.226,0.265,0.28,0.545,24,4,1.53,0.965,35,35,0,276.2,198,13,69,268
5,Tom Herr,STL,NL,1985,119,0,35%,5.6,159,596,97,180,8,110,31,80,0.302,0.379,0.416,0.795,,,,,,,,,,,,
6,Gary Carter,NYM,NL,1985,116,0,35%,6.9,149,555,83,156,32,100,1,69,0.281,0.365,0.488,0.853,,,,,,,,,,,,
7,Dale Murphy,ATL,NL,1985,63,0,19%,5,162,616,118,185,37,111,10,90,0.3,0.388,0.539,0.927,,,,,,,,,,,,
8,Keith Hernandez,NYM,NL,1985,61,0,18%,5,158,593,87,183,10,91,3,77,0.309,0.384,0.43,0.814,,,,,,,,,,,,
8,John Tudor,STL,NL,1985,61,0,18%,8.2,37,94,9,13,0,2,0,5,0.138,0.182,0.213,0.395,21,8,1.93,0.938,36,36,0,275,209,14,49,169
1,Mike Schmidt,PHI,NL,1986,287,15,85%,6.1,160,552,97,160,37,119,1,89,0.29,0.39,0.547,0.937,,,,,,,,,,,,
2,Glenn Davis,HOU,NL,1986,231,6,69%,4.5,158,574,91,152,31,101,3,64,0.265,0.344,0.493,0.837,,,,,,,,,,,,
3,Gary Carter,NYM,NL,1986,181,1,54%,3.6,132,490,81,125,24,105,1,62,0.255,0.337,0.439,0.776,,,,,,,,,,,,
4,Keith Hernandez,NYM,NL,1986,179,2,53%,5.5,149,551,94,171,13,83,2,94,0.31,0.413,0.446,0.859,,,,,,,,,,,,
5,Dave Parker,CIN,NL,1986,144,0,43%,0.3,162,637,89,174,31,116,1,56,0.273,0.33,0.477,0.807,,,,,,,,,,,,
6,Tim Raines,MON,NL,1986,99,0,29%,5.5,151,580,91,194,9,62,70,78,0.334,0.413,0.476,0.889,,,,,,,,,,,,
7,Kevin Bass,HOU,NL,1986,73,0,22%,5.2,157,591,83,184,20,79,22,38,0.311,0.357,0.486,0.842,,,,,,,,,,,,
8,Von Hayes,PHI,NL,1986,41,0,12%,5,158,610,107,186,19,98,24,74,0.305,0.379,0.48,0.859,,,,,,,,,,,,
9,Tony Gwynn,SDP,NL,1986,34,0,10%,6.7,160,642,107,211,14,59,37,52,0.329,0.381,0.467,0.848,,,,,,,,,,,,
1,Andre Dawson,CHC,NL,1987,269,11,80%,4,153,621,90,178,49,137,11,32,0.287,0.328,0.568,0.896,,,,,,,,,,,,
2,Ozzie Smith,STL,NL,1987,193,9,57%,6.4,158,600,104,182,0,75,43,89,0.303,0.392,0.383,0.775,,,,,,,,,,,,
3,Jack Clark,STL,NL,1987,186,3,55%,5.4,131,419,93,120,35,106,1,136,0.286,0.459,0.597,1.055,,,,,,,,,,,,
4,Tim Wallach,MON,NL,1987,165,1,49%,4.3,153,593,89,177,26,123,9,37,0.298,0.343,0.514,0.858,0,0,0,1,1,0,0,1,1,0,0,0
5,Will Clark,SFG,NL,1987,128,0,38%,4.2,150,529,89,163,35,91,5,49,0.308,0.371,0.58,0.951,,,,,,,,,,,,
6,Darryl Strawberry,NYM,NL,1987,95,0,28%,6.4,154,532,108,151,39,104,36,97,0.284,0.398,0.583,0.981,,,,,,,,,,,,
7,Tim Raines,MON,NL,1987,80,0,24%,6.7,139,530,123,175,18,68,50,90,0.33,0.429,0.526,0.955,,,,,,,,,,,,
8,Tony Gwynn,SDP,NL,1987,75,0,22%,8.6,157,589,119,218,7,54,56,82,0.37,0.447,0.511,0.958,,,,,,,,,,,,
9,Eric Davis,CIN,NL,1987,73,0,22%,7.9,129,474,120,139,37,100,50,84,0.293,0.399,0.593,0.991,,,,,,,,,,,,
1,Kirk Gibson,LAD,NL,1988,272,13,81%,6.5,150,542,106,157,25,76,31,73,0.29,0.377,0.483,0.86,,,,,,,,,,,,
2,Darryl Strawberry,NYM,NL,1988,236,7,70%,5.4,153,543,101,146,39,101,29,85,0.269,0.366,0.545,0.911,,,,,,,,,,,,
3,Kevin McReynolds,NYM,NL,1988,162,4,48%,4.5,147,552,82,159,27,99,21,38,0.288,0.336,0.496,0.832,,,,,,,,,,,,
4,Andy Van Slyke,PIT,NL,1988,160,0,48%,6.5,154,587,101,169,25,100,30,57,0.288,0.345,0.506,0.851,,,,,,,,,,,,
5,Will Clark,SFG,NL,1988,135,0,40%,6.7,162,575,102,162,29,109,9,100,0.282,0.386,0.508,0.894,,,,,,,,,,,,
6,Orel Hershiser,LAD,NL,1988,111,0,33%,7.1,36,85,1,11,0,6,0,1,0.129,0.14,0.176,0.316,23,8,2.26,1.052,35,34,1,267,208,18,73,178
7,Andrés Galarraga,MON,NL,1988,105,0,31%,5.7,157,609,99,184,29,92,13,39,0.302,0.352,0.54,0.893,,,,,,,,,,,,
8,Glenn Davis,HOU,NL,1988,72,0,21%,4.3,152,561,78,152,30,99,4,53,0.271,0.341,0.478,0.818,,,,,,,,,,,,
9,Danny Jackson,CIN,NL,1988,41,0,12%,5.1,35,90,11,13,0,6,0,2,0.144,0.161,0.178,0.339,23,8,2.73,1.063,35,35,0,260.2,206,13,71,161
1,Kevin Mitchell,SFG,NL,1989,314,20,93%,6.9,154,543,100,158,47,125,3,87,0.291,0.388,0.635,1.023,,,,,,,,,,,,
2,Will Clark,SFG,NL,1989,225,3,67%,8.6,159,588,104,196,23,111,8,74,0.333,0.407,0.546,0.953,,,,,,,,,,,,
3,Pedro Guerrero,STL,NL,1989,190,1,57%,1.9,162,570,60,177,17,117,2,79,0.311,0.391,0.477,0.868,,,,,,,,,,,,
4,Ryne Sandberg,CHC,NL,1989,157,0,47%,6.1,157,606,104,176,30,76,15,59,0.29,0.356,0.497,0.853,,,,,,,,,,,,
5,Howard Johnson,NYM,NL,1989,153,0,46%,6.9,153,571,104,164,36,101,41,77,0.287,0.369,0.559,0.928,,,,,,,,,,,,
6,Mark Davis,SDP,NL,1989,76,0,23%,4.2,70,13,0,0,0,0,0,0,0,0,0,0,4,3,1.85,1.047,70,0,44,92.2,66,6,31,92
7,Glenn Davis,HOU,NL,1989,64,0,19%,4.4,158,581,87,156,34,89,4,69,0.269,0.35,0.492,0.842,,,,,,,,,,,,
8,Tony Gwynn,SDP,NL,1989,57,0,17%,2.5,158,604,82,203,4,62,40,56,0.336,0.389,0.424,0.813,,,,,,,,,,,,
9,Eric Davis,CIN,NL,1989,44,0,13%,2.9,131,462,74,130,34,101,21,68,0.281,0.367,0.541,0.908,,,,,,,,,,,,
1,Barry Bonds,PIT,NL,1990,331,23,99%,9.7,151,519,104,156,33,114,52,93,0.301,0.406,0.565,0.97,,,,,,,,,,,,
2,Bobby Bonilla,PIT,NL,1990,212,1,63%,4,160,625,112,175,32,120,4,45,0.28,0.322,0.518,0.841,,,,,,,,,,,,
3,Darryl Strawberry,NYM,NL,1990,167,0,50%,6.3,152,542,92,150,37,108,15,70,0.277,0.361,0.518,0.879,,,,,,,,,,,,
4,Ryne Sandberg,CHC,NL,1990,151,0,45%,7.1,155,615,116,188,40,100,25,50,0.306,0.354,0.559,0.913,,,,,,,,,,,,
5,Eddie Murray,LAD,NL,1990,123,0,37%,5.2,155,558,96,184,26,95,8,82,0.33,0.414,0.52,0.934,,,,,,,,,,,,
6,Matt Williams,SFG,NL,1990,95,0,28%,5,159,617,87,171,33,122,7,33,0.277,0.319,0.488,0.807,,,,,,,,,,,,
7,Barry Larkin,CIN,NL,1990,82,0,24%,5.7,158,614,85,185,7,67,30,49,0.301,0.358,0.396,0.753,,,,,,,,,,,,
8,Doug Drabek,PIT,NL,1990,59,0,18%,5,33,84,8,18,1,6,0,4,0.214,0.258,0.274,0.532,22,6,2.76,1.063,33,33,0,231.1,190,15,56,131
9,Lenny Dykstra,PHI,NL,1990,41,0,12%,8.9,149,590,106,192,9,60,33,89,0.325,0.418,0.441,0.859,,,,,,,,,,,,
1,Terry Pendleton,ATL,NL,1991,274,12,82%,6.1,153,586,94,187,22,86,10,43,0.319,0.363,0.517,0.88,,,,,,,,,,,,
2,Barry Bonds,PIT,NL,1991,259,10,77%,8,153,510,95,149,25,116,43,107,0.292,0.41,0.514,0.924,,,,,,,,,,,,
3,Bobby Bonilla,PIT,NL,1991,191,1,57%,3.9,157,577,102,174,18,100,2,90,0.302,0.391,0.492,0.883,,,,,,,,,,,,
4,Will Clark,SFG,NL,1991,118,0,35%,5.2,148,565,84,170,29,116,4,51,0.301,0.359,0.536,0.895,,,,,,,,,,,,
5,Howard Johnson,NYM,NL,1991,112,0,33%,3.5,156,564,108,146,38,117,30,78,0.259,0.342,0.535,0.877,,,,,,,,,,,,
6,Ron Gant,ATL,NL,1991,110,0,33%,2,154,561,101,141,32,105,34,71,0.251,0.338,0.496,0.834,,,,,,,,,,,,
7,Brett Butler,LAD,NL,1991,103,1,31%,5.1,161,615,112,182,2,38,38,108,0.296,0.401,0.343,0.744,,,,,,,,,,,,
8,Lee Smith,STL,NL,1991,89,0,26%,2.3,67,0,0,0,0,0,0,0,,,,,6,3,2.34,1.137,67,0,47,73,70,5,13,67
9,Darryl Strawberry,LAD,NL,1991,76,0,23%,3.7,139,505,86,134,28,99,10,75,0.265,0.361,0.491,0.852,,,,,,,,,,,,
1,Barry Bonds,PIT,NL,1992,304,18,90%,9,140,473,109,147,34,103,39,127,0.311,0.456,0.624,1.08,,,,,,,,,,,,
2,Terry Pendleton,ATL,NL,1992,232,4,69%,5,160,640,98,199,21,105,5,37,0.311,0.345,0.473,0.818,,,,,,,,,,,,
3,Gary Sheffield,SDP,NL,1992,204,2,61%,6.2,146,557,87,184,33,100,5,48,0.33,0.385,0.58,0.965,,,,,,,,,,,,
4,Andy Van Slyke,PIT,NL,1992,145,0,43%,6,154,614,103,199,14,89,12,58,0.324,0.381,0.505,0.886,,,,,,,,,,,,
5,Larry Walker,MON,NL,1992,111,0,33%,5.4,143,528,85,159,23,93,18,41,0.301,0.353,0.506,0.859,,,,,,,,,,,,
6,Darren Daulton,PHI,NL,1992,100,0,30%,6.9,145,485,80,131,27,109,11,88,0.27,0.385,0.524,0.908,,,,,,,,,,,,
6,Fred McGriff,SDP,NL,1992,100,0,30%,5.2,152,531,79,152,35,104,8,96,0.286,0.394,0.556,0.95,,,,,,,,,,,,
8,Bip Roberts,CIN,NL,1992,64,0,19%,5,147,532,92,172,4,45,44,62,0.323,0.393,0.432,0.826,,,,,,,,,,,,
9,Marquis Grissom,MON,NL,1992,54,0,16%,5.5,159,653,99,180,14,66,78,42,0.276,0.322,0.418,0.741,,,,,,,,,,,,
1,Barry Bonds,SFG,NL,1993,372,24,95%,9.9,159,539,129,181,46,123,29,126,0.336,0.458,0.677,1.136,,,,,,,,,,,,
2,Lenny Dykstra,PHI,NL,1993,267,4,68%,6.6,161,637,143,194,19,66,37,129,0.305,0.42,0.482,0.902,,,,,,,,,,,,
3,David Justice,ATL,NL,1993,183,0,47%,5.1,157,585,90,158,40,120,3,78,0.27,0.357,0.515,0.871,,,,,,,,,,,,
4,Fred McGriff,TOT,NL,1993,177,0,45%,4.2,151,557,111,162,37,101,5,76,0.291,0.375,0.549,0.924,,,,,,,,,,,,
5,Ron Gant,ATL,NL,1993,176,0,45%,6.5,157,606,113,166,36,117,26,67,0.274,0.345,0.51,0.854,,,,,,,,,,,,
6,Matt Williams,SFG,NL,1993,103,0,26%,5.8,145,579,105,170,38,110,1,27,0.294,0.325,0.561,0.886,,,,,,,,,,,,
7,Darren Daulton,PHI,NL,1993,79,0,20%,5,147,510,90,131,24,105,5,117,0.257,0.392,0.482,0.875,,,,,,,,,,,,
8,Marquis Grissom,MON,NL,1993,66,0,17%,5.3,157,630,104,188,19,95,53,52,0.298,0.351,0.438,0.789,,,,,,,,,,,,
9,Mike Piazza,LAD,NL,1993,49,0,13%,7,149,547,81,174,35,112,3,46,0.318,0.37,0.561,0.932,,,,,,,,,,,,
1,Jeff Bagwell,HOU,NL,1994,392,28,100%,8.2,110,400,104,147,39,116,15,65,0.368,0.451,0.75,1.201,,,,,,,,,,,,
2,Matt Williams,SFG,NL,1994,281,0,72%,4.7,112,445,74,119,43,96,1,33,0.267,0.319,0.607,0.926,,,,,,,,,,,,
3,Moisés Alou,MON,NL,1994,183,0,47%,5.1,107,422,81,143,22,78,7,42,0.339,0.397,0.592,0.989,,,,,,,,,,,,
4,Barry Bonds,SFG,NL,1994,144,0,37%,6.2,112,391,89,122,37,81,29,74,0.312,0.426,0.647,1.073,,,,,,,,,,,,
5,Greg Maddux,ATL,NL,1994,133,0,34%,8.7,25,63,5,14,0,2,0,1,0.222,0.234,0.254,0.488,16,6,1.56,0.896,25,25,0,202,150,4,31,156
6,Mike Piazza,LAD,NL,1994,121,0,31%,3.6,107,405,64,129,24,92,1,33,0.319,0.37,0.541,0.91,,,,,,,,,,,,
7,Tony Gwynn,SDP,NL,1994,112,0,29%,4.2,110,419,79,165,12,64,5,48,0.394,0.454,0.568,1.022,,,,,,,,,,,,
8,Fred McGriff,ATL,NL,1994,96,0,24%,4.6,113,424,81,135,34,94,7,50,0.318,0.389,0.623,1.012,,,,,,,,,,,,
9,Kevin Mitchell,CIN,NL,1994,86,0,22%,3.7,95,310,57,101,30,77,2,59,0.326,0.429,0.681,1.11,,,,,,,,,,,,
1,Barry Larkin,CIN,NL,1995,281,11,72%,5.9,131,496,98,158,15,66,51,61,0.319,0.394,0.492,0.886,,,,,,,,,,,,
2,Dante Bichette,COL,NL,1995,251,6,64%,1.2,139,579,102,197,40,128,13,22,0.34,0.364,0.62,0.984,,,,,,,,,,,,
3,Greg Maddux,ATL,NL,1995,249,7,64%,9.6,28,72,8,11,0,0,0,3,0.153,0.187,0.181,0.367,19,2,1.63,0.811,28,28,0,209.2,147,8,23,181
4,Mike Piazza,LAD,NL,1995,214,3,55%,6.2,112,434,82,150,32,93,1,39,0.346,0.4,0.606,1.006,,,,,,,,,,,,
5,Eric Karros,LAD,NL,1995,135,0,34%,3.9,143,551,83,164,32,105,4,61,0.298,0.369,0.535,0.905,,,,,,,,,,,,
6,Reggie Sanders,CIN,NL,1995,120,0,31%,6.6,133,484,91,148,28,99,36,69,0.306,0.397,0.579,0.975,,,,,,,,,,,,
7,Larry Walker,COL,NL,1995,88,0,22%,4.7,131,494,96,151,36,101,16,49,0.306,0.381,0.607,0.988,,,,,,,,,,,,
8,Sammy Sosa,CHC,NL,1995,81,0,21%,5.3,144,564,89,151,36,119,34,58,0.268,0.34,0.5,0.84,,,,,,,,,,,,
9,Tony Gwynn,SDP,NL,1995,72,0,18%,2.3,135,535,82,197,9,90,17,35,0.368,0.404,0.484,0.888,,,,,,,,,,,,
1,Ken Caminiti,SDP,NL,1996,392,28,100%,7.6,146,546,109,178,40,130,11,78,0.326,0.408,0.621,1.028,,,,,,,,,,,,
2,Mike Piazza,LAD,NL,1996,237,0,60%,5.4,148,547,87,184,36,105,0,81,0.336,0.422,0.563,0.985,,,,,,,,,,,,
3,Ellis Burks,COL,NL,1996,186,0,47%,7.9,156,613,142,211,40,128,32,61,0.344,0.408,0.639,1.047,,,,,,,,,,,,
4,Chipper Jones,ATL,NL,1996,158,0,40%,6.2,157,598,114,185,30,110,14,87,0.309,0.393,0.53,0.923,,,,,,,,,,,,
5,Barry Bonds,SFG,NL,1996,132,0,34%,9.7,158,517,122,159,42,129,40,151,0.308,0.461,0.615,1.076,,,,,,,,,,,,
6,Andrés Galarraga,COL,NL,1996,112,0,29%,4.2,159,626,119,190,47,150,18,40,0.304,0.357,0.601,0.958,,,,,,,,,,,,
6,Gary Sheffield,FLA,NL,1996,112,0,29%,5.9,161,519,118,163,42,120,16,142,0.314,0.465,0.624,1.09,,,,,,,,,,,,
8,Brian Jordan,STL,NL,1996,69,0,18%,5.5,140,513,82,159,17,104,22,29,0.31,0.349,0.483,0.833,,,,,,,,,,,,
9,Jeff Bagwell,HOU,NL,1996,59,0,15%,7.5,162,568,111,179,31,120,21,135,0.315,0.451,0.57,1.021,,,,,,,,,,,,
1,Larry Walker,COL,NL,1997,359,22,92%,9.8,153,568,143,208,49,130,33,78,0.366,0.452,0.72,1.172,,,,,,,,,,,,
2,Mike Piazza,LAD,NL,1997,263,3,67%,8.7,152,556,104,201,40,124,5,69,0.362,0.431,0.638,1.07,,,,,,,,,,,,
3,Jeff Bagwell,HOU,NL,1997,233,3,59%,7.7,162,566,109,162,43,135,31,127,0.286,0.425,0.592,1.017,,,,,,,,,,,,
4,Craig Biggio,HOU,NL,1997,157,0,40%,9.4,162,619,146,191,22,81,47,84,0.309,0.415,0.501,0.916,,,,,,,,,,,,
5,Barry Bonds,SFG,NL,1997,123,0,31%,8.2,159,532,123,155,40,101,37,145,0.291,0.446,0.585,1.031,,,,,,,,,,,,
6,Tony Gwynn,SDP,NL,1997,113,0,29%,4.3,149,592,97,220,17,119,12,43,0.372,0.409,0.547,0.957,,,,,,,,,,,,
7,Andrés Galarraga,COL,NL,1997,85,0,22%,3.8,154,600,120,191,41,140,15,54,0.318,0.389,0.585,0.974,,,,,,,,,,,,
8,Jeff Kent,SFG,NL,1997,80,0,20%,4.1,155,580,90,145,29,121,11,48,0.25,0.316,0.472,0.789,,,,,,,,,,,,
9,Chipper Jones,ATL,NL,1997,70,0,18%,3.9,157,597,100,176,21,111,20,76,0.295,0.371,0.479,0.85,,,,,,,,,,,,
1,Sammy Sosa,CHC,NL,1998,438,30,98%,6.5,159,643,134,198,66,158,18,73,0.308,0.377,0.647,1.024,,,,,,,,,,,,
2,Mark McGwire,STL,NL,1998,272,2,61%,7.5,155,509,130,152,70,147,1,162,0.299,0.47,0.752,1.222,,,,,,,,,,,,
3,Moisés Alou,HOU,NL,1998,215,0,48%,6.2,159,584,104,182,38,124,11,84,0.312,0.399,0.582,0.981,,,,,,,,,,,,
4,Greg Vaughn,SDP,NL,1998,185,0,41%,6.3,158,573,112,156,50,119,11,79,0.272,0.363,0.597,0.96,,,,,,,,,,,,
5,Craig Biggio,HOU,NL,1998,163,0,36%,6.5,160,646,123,210,20,88,50,64,0.325,0.403,0.503,0.906,,,,,,,,,,,,
6,Andrés Galarraga,ATL,NL,1998,147,0,33%,5,153,555,103,169,44,121,7,63,0.305,0.397,0.595,0.991,,,,,,,,,,,,
7,Trevor Hoffman,SDP,NL,1998,117,0,26%,4.1,63,3,0,0,0,0,0,0,0,0,0,0,4,2,1.48,0.849,66,0,53,73,41,2,21,86
8,Barry Bonds,SFG,NL,1998,66,0,15%,8.1,156,552,120,167,37,122,28,130,0.303,0.438,0.609,1.047,,,,,,,,,,,,
9,Chipper Jones,ATL,NL,1998,56,0,13%,7,160,601,123,188,34,107,16,96,0.313,0.404,0.547,0.951,,,,,,,,,,,,
1,Chipper Jones,ATL,NL,1999,432,29,96%,6.9,157,567,116,181,45,110,25,126,0.319,0.441,0.633,1.074,,,,,,,,,,,,
2,Jeff Bagwell,HOU,NL,1999,276,1,62%,7.4,162,562,143,171,42,126,30,149,0.304,0.454,0.591,1.045,,,,,,,,,,,,
3,Matt Williams,ARI,NL,1999,269,2,60%,4.1,154,627,98,190,35,142,2,41,0.303,0.344,0.536,0.88,,,,,,,,,,,,
4,Greg Vaughn,CIN,NL,1999,121,0,27%,3.4,153,550,104,135,45,118,15,85,0.245,0.347,0.535,0.881,,,,,,,,,,,,
5,Mark McGwire,STL,NL,1999,115,0,26%,5.2,153,521,118,145,65,147,0,133,0.278,0.424,0.697,1.12,,,,,,,,,,,,
6,Robin Ventura,NYM,NL,1999,113,0,25%,6.7,161,588,88,177,32,120,1,74,0.301,0.379,0.529,0.908,,,,,,,,,,,,
7,Mike Piazza,NYM,NL,1999,109,0,24%,4.3,141,534,100,162,40,124,2,51,0.303,0.361,0.575,0.936,,,,,,,,,,,,
8,Edgardo Alfonzo,NYM,NL,1999,88,0,20%,6,158,628,123,191,27,108,9,85,0.304,0.385,0.502,0.886,,,,,,,,,,,,
9,Sammy Sosa,CHC,NL,1999,87,0,19%,4.8,162,625,114,180,63,141,7,78,0.288,0.367,0.635,1.002,,,,,,,,,,,,
1,Jeff Kent,SFG,NL,2000,392,22,88%,7.2,159,587,114,196,33,125,12,90,0.334,0.424,0.596,1.021,,,,,,,,,,,,
2,Barry Bonds,SFG,NL,2000,279,6,62%,7.7,143,480,129,147,49,106,11,117,0.306,0.44,0.688,1.127,,,,,,,,,,,,
3,Mike Piazza,NYM,NL,2000,271,3,60%,5.1,136,482,90,156,38,113,4,58,0.324,0.398,0.614,1.012,,,,,,,,,,,,
4,Jim Edmonds,STL,NL,2000,208,0,46%,6.3,152,525,129,155,42,108,10,103,0.295,0.411,0.583,0.994,,,,,,,,,,,,
5,Todd Helton,COL,NL,2000,198,1,44%,8.9,160,580,138,216,42,147,5,103,0.372,0.463,0.698,1.162,,,,,,,,,,,,
6,Vladimir Guerrero,MON,NL,2000,117,0,26%,6,154,571,101,197,44,123,9,58,0.345,0.41,0.664,1.074,,,,,,,,,,,,
7,Jeff Bagwell,HOU,NL,2000,102,0,23%,5.4,159,590,152,183,47,132,9,107,0.31,0.424,0.615,1.039,,,,,,,,,,,,
8,Andruw Jones,ATL,NL,2000,95,0,21%,8.2,161,656,122,199,36,104,21,59,0.303,0.366,0.541,0.907,,,,,,,,,,,,
9,Gary Sheffield,LAD,NL,2000,71,0,16%,6.1,141,501,105,163,43,109,4,101,0.325,0.438,0.643,1.081,,,,,,,,,,,,
1,Barry Bonds,SFG,NL,2001,438,30,98%,11.9,153,476,129,156,73,137,13,177,0.328,0.515,0.863,1.379,,,,,,,,,,,,
2,Sammy Sosa,CHC,NL,2001,278,2,62%,10.3,160,577,146,189,64,160,0,116,0.328,0.437,0.737,1.174,,,,,,,,,,,,
3,Luis Gonzalez,ARI,NL,2001,261,0,58%,7.9,162,609,128,198,57,142,1,100,0.325,0.429,0.688,1.117,,,,,,,,,,,,
4,Albert Pujols,STL,NL,2001,222,0,50%,6.6,161,590,112,194,37,130,1,69,0.329,0.403,0.61,1.013,,,,,,,,,,,,
5,Lance Berkman,HOU,NL,2001,125,0,28%,6.5,156,577,110,191,34,126,7,92,0.331,0.43,0.62,1.051,,,,,,,,,,,,
6,Shawn Green,LAD,NL,2001,112,0,25%,7,161,619,121,184,49,125,20,72,0.297,0.372,0.598,0.97,,,,,,,,,,,,
7,Jeff Bagwell,HOU,NL,2001,109,0,24%,5.9,161,600,126,173,39,130,11,106,0.288,0.397,0.568,0.966,,,,,,,,,,,,
8,Chipper Jones,ATL,NL,2001,100,0,22%,5.9,159,572,113,189,38,102,9,98,0.33,0.427,0.605,1.032,,,,,,,,,,,,
9,Todd Helton,COL,NL,2001,90,0,20%,7.8,159,587,132,197,49,146,7,98,0.336,0.432,0.685,1.116,,,,,,,,,,,,
1,Barry Bonds,SFG,NL,2002,448,32,100%,11.8,143,403,117,149,46,110,9,198,0.37,0.582,0.799,1.381,,,,,,,,,,,,
2,Albert Pujols,STL,NL,2002,276,0,62%,5.5,157,590,118,185,34,127,2,72,0.314,0.394,0.561,0.955,,,,,,,,,,,,
3,Lance Berkman,HOU,NL,2002,181,0,40%,4.8,158,578,106,169,42,128,8,107,0.292,0.405,0.578,0.982,,,,,,,,,,,,
4,Vladimir Guerrero,MON,NL,2002,168,0,38%,7.1,161,614,106,206,39,111,40,84,0.336,0.417,0.593,1.01,,,,,,,,,,,,
5,Shawn Green,LAD,NL,2002,146,0,33%,6.9,158,582,110,166,42,114,8,93,0.285,0.385,0.558,0.944,,,,,,,,,,,,
6,Jeff Kent,SFG,NL,2002,135,0,30%,7.1,152,623,102,195,37,108,5,52,0.313,0.368,0.565,0.933,,,,,,,,,,,,
7,Randy Johnson,ARI,NL,2002,127,0,28%,10.5,34,89,4,12,0,8,0,3,0.135,0.161,0.169,0.33,24,5,2.32,1.031,35,35,0,260,197,26,71,334
8,John Smoltz,ATL,NL,2002,124,0,28%,1.2,72,2,0,0,0,0,0,0,0,0,0,0,3,2,3.25,1.033,75,0,55,80.1,59,4,24,85
9,Sammy Sosa,CHC,NL,2002,63,0,14%,5.8,150,556,122,160,49,108,2,103,0.288,0.399,0.594,0.993,,,,,,,,,,,,
1,Barry Bonds,SFG,NL,2003,426,28,95%,9.2,130,390,111,133,45,90,7,148,0.341,0.529,0.749,1.278,,,,,,,,,,,,
2,Albert Pujols,STL,NL,2003,303,3,68%,8.7,157,591,137,212,43,124,5,79,0.359,0.439,0.667,1.106,,,,,,,,,,,,
3,Gary Sheffield,ATL,NL,2003,247,1,55%,6.8,155,576,126,190,39,132,18,86,0.33,0.419,0.604,1.023,,,,,,,,,,,,
4,Jim Thome,PHI,NL,2003,203,0,45%,4.7,159,578,111,154,47,131,0,111,0.266,0.385,0.573,0.958,,,,,,,,,,,,
5,Javy López,ATL,NL,2003,159,0,35%,6.8,129,457,89,150,43,109,0,33,0.328,0.378,0.687,1.065,,,,,,,,,,,,
6,Éric Gagné,LAD,NL,2003,143,0,32%,3.7,72,0,0,0,0,0,0,0,,,,,2,3,1.2,0.692,77,0,55,82.1,37,2,20,137
7,Todd Helton,COL,NL,2003,75,0,17%,6.3,160,583,135,209,33,117,0,111,0.358,0.458,0.63,1.088,,,,,,,,,,,,
8,Sammy Sosa,CHC,NL,2003,53,0,12%,2.7,137,517,99,144,40,103,0,62,0.279,0.358,0.553,0.911,,,,,,,,,,,,
9,Mark Prior,CHC,NL,2003,44,0,10%,7.9,31,72,6,18,1,6,0,2,0.25,0.27,0.347,0.617,18,6,2.43,1.103,30,30,0,211.1,183,15,50,245
1,Barry Bonds,SFG,NL,2004,407,24,91%,10.6,147,373,129,135,45,101,6,232,0.362,0.609,0.812,1.422,,,,,,,,,,,,
2,Adrian Beltré,LAD,NL,2004,311,6,69%,9.6,156,598,104,200,48,121,7,53,0.334,0.388,0.629,1.017,,,,,,,,,,,,
3,Albert Pujols,STL,NL,2004,247,1,55%,8.5,154,592,133,196,46,123,5,84,0.331,0.415,0.657,1.072,,,,,,,,,,,,
4,Scott Rolen,STL,NL,2004,226,1,50%,9.2,142,500,109,157,34,124,4,72,0.314,0.409,0.598,1.007,,,,,,,,,,,,
5,Jim Edmonds,STL,NL,2004,160,0,36%,7.2,153,498,102,150,42,111,8,101,0.301,0.418,0.643,1.061,,,,,,,,,,,,
6,J.D. Drew,ATL,NL,2004,114,0,25%,8.3,145,518,118,158,31,93,12,118,0.305,0.436,0.569,1.006,,,,,,,,,,,,
7,Lance Berkman,HOU,NL,2004,100,0,22%,6,160,544,104,172,30,106,9,127,0.316,0.45,0.566,1.016,,,,,,,,,,,,
8,Roger Clemens,HOU,NL,2004,61,0,14%,5.4,32,72,1,12,0,7,0,3,0.167,0.2,0.181,0.381,18,4,2.98,1.157,33,33,0,214.1,169,15,79,218
9,Mark Loretta,SDP,NL,2004,50,0,11%,6,154,620,108,208,16,76,5,58,0.335,0.391,0.495,0.886,,,,,,,,,,,,
1,Albert Pujols,STL,NL,2005,378,18,84%,8.4,161,591,129,195,41,117,16,97,0.33,0.43,0.609,1.039,,,,,,,,,,,,
2,Andruw Jones,ATL,NL,2005,351,13,78%,6.7,160,586,95,154,51,128,5,64,0.263,0.347,0.575,0.922,,,,,,,,,,,,
3,Derrek Lee,CHC,NL,2005,263,1,59%,7.7,158,594,120,199,46,107,15,85,0.335,0.418,0.662,1.08,,,,,,,,,,,,
4,Morgan Ensberg,HOU,NL,2005,160,0,36%,6.3,150,526,86,149,36,101,6,85,0.283,0.388,0.557,0.945,,,,,,,,,,,,
5,Miguel Cabrera,FLA,NL,2005,146,0,33%,5.2,158,613,106,198,33,116,1,64,0.323,0.385,0.561,0.947,,,,,,,,,,,,
6,Carlos Delgado,FLA,NL,2005,84,0,19%,2.8,144,521,81,157,33,115,0,72,0.301,0.399,0.582,0.981,,,,,,,,,,,,
7,Pat Burrell,PHI,NL,2005,65,0,15%,3.6,154,562,78,158,32,117,0,99,0.281,0.389,0.504,0.892,,,,,,,,,,,,
8,Chris Carpenter,STL,NL,2005,52,0,12%,5.4,32,77,7,5,0,2,0,5,0.065,0.12,0.091,0.211,21,5,2.83,1.055,33,33,0,241.2,204,18,51,213
9,Brian Giles,SDP,NL,2005,48,0,11%,4.9,158,545,92,164,15,83,13,119,0.301,0.423,0.483,0.905,,,,,,,,,,,,
1,Ryan Howard,PHI,NL,2006,388,20,87%,5.2,159,581,104,182,58,149,0,108,0.313,0.425,0.659,1.084,,,,,,,,,,,,
2,Albert Pujols,STL,NL,2006,347,12,77%,8.5,143,535,119,177,49,137,7,92,0.331,0.431,0.671,1.102,,,,,,,,,,,,
3,Lance Berkman,HOU,NL,2006,230,0,51%,6,152,536,95,169,45,136,3,98,0.315,0.42,0.621,1.041,,,,,,,,,,,,
4,Carlos Beltrán,NYM,NL,2006,211,0,47%,8.2,140,510,127,140,41,116,18,95,0.275,0.388,0.594,0.982,,,,,,,,,,,,
5,Miguel Cabrera,FLA,NL,2006,170,0,38%,5.8,158,576,112,195,26,114,9,86,0.339,0.43,0.568,0.998,,,,,,,,,,,,
6,Alfonso Soriano,WSN,NL,2006,106,0,24%,6.1,159,647,119,179,46,95,41,67,0.277,0.351,0.56,0.911,,,,,,,,,,,,
7,José Reyes,NYM,NL,2006,98,0,22%,5.9,153,647,122,194,19,81,64,53,0.3,0.354,0.487,0.841,,,,,,,,,,,,
7,Chase Utley,PHI,NL,2006,98,0,22%,7.3,160,658,131,203,32,102,15,63,0.309,0.379,0.527,0.906,,,,,,,,,,,,
9,David Wright,NYM,NL,2006,70,0,16%,4.1,154,582,96,181,26,116,20,66,0.311,0.381,0.531,0.912,,,,,,,,,,,,
1,Jimmy Rollins,PHI,NL,2007,353,16,79%,6.1,162,716,139,212,30,94,41,49,0.296,0.344,0.531,0.875,,,,,,,,,,,,
2,Matt Holliday,COL,NL,2007,336,11,75%,6,158,636,120,216,36,137,11,63,0.34,0.405,0.607,1.012,,,,,,,,,,,,
3,Prince Fielder,MIL,NL,2007,284,5,63%,3.6,158,573,109,165,50,119,2,90,0.288,0.395,0.618,1.013,,,,,,,,,,,,
4,David Wright,NYM,NL,2007,182,0,41%,8.3,160,604,113,196,30,107,34,94,0.325,0.416,0.546,0.963,,,,,,,,,,,,
5,Ryan Howard,PHI,NL,2007,112,0,25%,2.9,144,529,94,142,47,136,1,107,0.268,0.392,0.584,0.976,,,,,,,,,,,,
6,Chipper Jones,ATL,NL,2007,107,0,24%,7.6,134,513,108,173,29,102,5,82,0.337,0.425,0.604,1.029,,,,,,,,,,,,
7,Jake Peavy,SDP,NL,2007,97,0,22%,6.8,36,73,8,17,0,7,0,2,0.233,0.25,0.315,0.565,19,6,2.54,1.061,34,34,0,223.1,169,13,68,240
8,Chase Utley,PHI,NL,2007,89,0,20%,7.8,132,530,104,176,22,103,9,50,0.332,0.41,0.566,0.976,,,,,,,,,,,,
9,Albert Pujols,STL,NL,2007,50,0,11%,8.7,158,565,99,185,32,103,2,99,0.327,0.429,0.568,0.997,,,,,,,,,,,,
1,Albert Pujols,STL,NL,2008,369,18,82%,9.2,148,524,100,187,37,116,7,104,0.357,0.462,0.653,1.114,,,,,,,,,,,,
2,Ryan Howard,PHI,NL,2008,308,12,69%,1.8,162,610,105,153,48,146,1,81,0.251,0.339,0.543,0.881,,,,,,,,,,,,
3,Ryan Braun,MIL,NL,2008,139,0,31%,4.6,151,611,92,174,37,106,14,42,0.285,0.335,0.553,0.888,,,,,,,,,,,,
4,Manny Ramirez,LAD,NL,2008,138,0,31%,3.5,53,187,36,74,17,53,2,35,0.396,0.489,0.743,1.232,,,,,,,,,,,,
5,Lance Berkman,HOU,NL,2008,126,0,28%,6.9,159,554,114,173,29,106,18,99,0.312,0.42,0.567,0.986,,,,,,,,,,,,
6,CC Sabathia,MIL,NL,2008,121,0,27%,5.2,17,48,3,11,1,6,0,0,0.229,0.229,0.333,0.563,11,2,1.65,1.003,17,17,0,130.2,106,6,25,128
7,David Wright,NYM,NL,2008,115,0,26%,6.9,160,626,115,189,33,124,15,94,0.302,0.39,0.534,0.924,,,,,,,,,,,,
8,Brad Lidge,PHI,NL,2008,104,2,23%,2.4,71,0,0,0,0,0,0,0,,,,,2,0,1.95,1.226,72,0,41,69.1,50,2,35,92
9,Carlos Delgado,NYM,NL,2008,96,0,21%,1.3,159,598,96,162,38,115,1,72,0.271,0.353,0.518,0.871,,,,,,,,,,,,
1,Albert Pujols,STL,NL,2009,448,32,100%,9.7,160,568,124,186,47,135,16,115,0.327,0.443,0.658,1.101,,,,,,,,,,,,
2,Hanley Ramírez,FLA,NL,2009,233,0,52%,7.3,151,576,101,197,24,106,27,61,0.342,0.41,0.543,0.954,,,,,,,,,,,,
3,Ryan Howard,PHI,NL,2009,217,0,48%,3.8,160,616,105,172,45,141,8,75,0.279,0.36,0.571,0.931,,,,,,,,,,,,
4,Prince Fielder,MIL,NL,2009,203,0,45%,6.3,162,591,103,177,46,141,2,110,0.299,0.412,0.602,1.014,,,,,,,,,,,,
5,Troy Tulowitzki,COL,NL,2009,172,0,38%,6.5,151,543,101,161,32,92,20,73,0.297,0.377,0.552,0.93,,,,,,,,,,,,
6,Andre Ethier,LAD,NL,2009,113,0,25%,3,160,596,92,162,31,106,6,72,0.272,0.361,0.508,0.869,,,,,,,,,,,,
7,Pablo Sandoval,SFG,NL,2009,89,0,20%,4.3,153,572,79,189,25,90,5,52,0.33,0.387,0.556,0.943,,,,,,,,,,,,
8,Chase Utley,PHI,NL,2009,84,0,19%,8.2,156,571,112,161,31,93,23,88,0.282,0.397,0.508,0.905,,,,,,,,,,,,
9,Derrek Lee,CHC,NL,2009,66,0,15%,5.4,141,532,91,163,35,111,1,76,0.306,0.393,0.579,0.972,,,,,,,,,,,,
1,Joey Votto,CIN,NL,2010,443,31,99%,7,150,547,106,177,37,113,16,91,0.324,0.424,0.6,1.024,,,,,,,,,,,,
2,Albert Pujols,STL,NL,2010,279,1,62%,7.5,159,587,115,183,42,118,14,103,0.312,0.414,0.596,1.011,,,,,,,,,,,,
3,Carlos González,COL,NL,2010,240,0,54%,5.9,145,587,111,197,34,117,26,40,0.336,0.376,0.598,0.974,,,,,,,,,,,,
4,Adrián González,SDP,NL,2010,197,0,44%,4.4,160,591,87,176,31,101,0,93,0.298,0.393,0.511,0.904,,,,,,,,,,,,
5,Troy Tulowitzki,COL,NL,2010,132,0,29%,6.7,122,470,89,148,27,95,11,48,0.315,0.381,0.568,0.949,,,,,,,,,,,,
6,Roy Halladay,PHI,NL,2010,130,0,29%,8.3,31,92,6,13,0,5,0,1,0.141,0.151,0.141,0.292,21,10,2.44,1.041,33,33,0,250.2,231,24,30,219
7,Aubrey Huff,SFG,NL,2010,70,0,16%,5.7,157,569,100,165,26,86,7,83,0.29,0.385,0.506,0.891,,,,,,,,,,,,
8,Jayson Werth,PHI,NL,2010,52,0,12%,4.5,156,554,106,164,27,85,13,82,0.296,0.388,0.532,0.921,,,,,,,,,,,,
9,Martín Prado,ATL,NL,2010,51,0,11%,5,140,599,100,184,15,66,5,40,0.307,0.35,0.459,0.809,,,,,,,,,,,,
1,Ryan Braun,MIL,NL,2011,388,20,87%,7.7,150,563,109,187,33,111,33,58,0.332,0.397,0.597,0.994,,,,,,,,,,,,
2,Matt Kemp,LAD,NL,2011,332,10,74%,8,161,602,115,195,39,126,40,74,0.324,0.399,0.586,0.986,,,,,,,,,,,,
3,Prince Fielder,MIL,NL,2011,229,1,51%,4.5,162,569,95,170,38,120,1,107,0.299,0.415,0.566,0.981,,,,,,,,,,,,
4,Justin Upton,ARI,NL,2011,214,1,48%,5.5,159,592,105,171,31,88,21,59,0.289,0.369,0.529,0.898,,,,,,,,,,,,
5,Albert Pujols,STL,NL,2011,166,0,37%,5.3,147,579,105,173,37,99,9,61,0.299,0.366,0.541,0.906,,,,,,,,,,,,
6,Joey Votto,CIN,NL,2011,135,0,30%,6.6,161,599,101,185,29,103,8,110,0.309,0.416,0.531,0.947,,,,,,,,,,,,
7,Lance Berkman,STL,NL,2011,118,0,26%,3.8,145,488,90,147,31,94,2,92,0.301,0.412,0.547,0.959,,,,,,,,,,,,
8,Troy Tulowitzki,COL,NL,2011,69,0,15%,6.2,143,537,81,162,30,105,9,59,0.302,0.372,0.544,0.916,,,,,,,,,,,,
9,Roy Halladay,PHI,NL,2011,52,0,12%,8.6,31,74,3,9,0,3,0,2,0.122,0.145,0.149,0.293,19,6,2.35,1.04,32,32,0,233.2,208,10,35,220
1,Buster Posey,SFG,NL,2012,422,27,94%,7.6,148,530,78,178,24,103,1,69,0.336,0.408,0.549,0.957,,,,,,,,,,,,
2,Ryan Braun,MIL,NL,2012,285,3,64%,6.9,154,598,108,191,41,112,30,63,0.319,0.391,0.595,0.987,,,,,,,,,,,,
3,Andrew McCutchen,PIT,NL,2012,245,0,55%,6.9,157,593,107,194,31,96,20,70,0.327,0.4,0.553,0.953,,,,,,,,,,,,
4,Yadier Molina,STL,NL,2012,241,2,54%,7.2,138,505,65,159,22,76,12,45,0.315,0.373,0.501,0.874,,,,,,,,,,,,
5,Chase Headley,SDP,NL,2012,127,0,28%,6.4,161,604,95,173,31,115,17,86,0.286,0.376,0.498,0.875,,,,,,,,,,,,
6,Adam LaRoche,WSN,NL,2012,86,0,19%,4.2,154,571,76,155,33,100,1,67,0.271,0.343,0.51,0.853,,,,,,,,,,,,
6,David Wright,NYM,NL,2012,86,0,19%,7.1,156,581,91,178,21,93,15,81,0.306,0.391,0.492,0.883,,,,,,,,,,,,
8,Craig Kimbrel,ATL,NL,2012,73,0,16%,3.2,59,0,0,0,0,0,0,0,,,,,3,1,1.01,0.654,63,0,42,62.2,27,3,14,116
9,Aramis Ramírez,MIL,NL,2012,47,0,10%,5.6,149,570,92,171,27,105,9,44,0.3,0.36,0.54,0.901,,,,,,,,,,,,
1,Andrew McCutchen,PIT,NL,2013,409,28,97%,7.8,157,583,97,185,21,84,27,78,0.317,0.404,0.508,0.911,,,,,,,,,,,,
2,Paul Goldschmidt,ARI,NL,2013,242,0,58%,6.3,160,602,103,182,36,125,15,99,0.302,0.401,0.551,0.952,,,,,,,,,,,,
3,Yadier Molina,STL,NL,2013,219,2,52%,6.2,136,505,68,161,12,80,3,30,0.319,0.359,0.477,0.836,,,,,,,,,,,,
4,Matt Carpenter,STL,NL,2013,194,0,46%,6.6,157,626,126,199,11,78,3,72,0.318,0.392,0.481,0.873,,,,,,,,,,,,
5,Freddie Freeman,ATL,NL,2013,154,0,37%,5.3,147,551,89,176,23,109,1,66,0.319,0.396,0.501,0.897,,,,,,,,,,,,
6,Joey Votto,CIN,NL,2013,149,0,35%,6.6,162,581,101,177,24,73,6,135,0.305,0.435,0.491,0.926,,,,,,,,,,,,
7,Clayton Kershaw,LAD,NL,2013,146,0,35%,8.6,35,77,8,14,1,10,0,5,0.182,0.241,0.26,0.501,16,9,1.83,0.915,33,33,0,236,164,11,52,232
8,Hanley Ramírez,LAD,NL,2013,58,0,14%,5.2,86,304,62,105,20,57,10,27,0.345,0.402,0.638,1.04,,,,,,,,,,,,
9,Carlos Gómez,MIL,NL,2013,43,0,10%,7.6,147,536,80,152,24,73,40,37,0.284,0.338,0.506,0.843,,,,,,,,,,,,
1,Clayton Kershaw,LAD,NL,2014,355,18,85%,8.2,26,63,5,11,0,3,1,4,0.175,0.235,0.206,0.442,21,3,1.77,0.857,27,27,0,198.1,139,9,31,239
2,Giancarlo Stanton,MIA,NL,2014,298,8,71%,6.5,145,539,89,155,37,105,13,94,0.288,0.395,0.555,0.95,,,,,,,,,,,,
3,Andrew McCutchen,PIT,NL,2014,271,4,65%,6.4,146,548,89,172,25,83,18,84,0.314,0.41,0.542,0.952,,,,,,,,,,,,
4,Jonathan Lucroy,MIL,NL,2014,167,0,40%,6.4,153,585,73,176,13,69,4,66,0.301,0.373,0.465,0.837,,,,,,,,,,,,
5,Anthony Rendon,WSN,NL,2014,155,0,37%,6.5,153,613,111,176,21,83,17,58,0.287,0.351,0.473,0.824,,,,,,,,,,,,
6,Buster Posey,SFG,NL,2014,152,0,36%,5.1,147,547,72,170,22,89,0,47,0.311,0.364,0.49,0.854,,,,,,,,,,,,
7,Adrián González,LAD,NL,2014,57,0,14%,4.4,159,591,83,163,27,116,1,56,0.276,0.335,0.482,0.817,,,,,,,,,,,,
8,Adam Wainwright,STL,NL,2014,53,0,13%,6.4,30,72,4,13,0,6,0,3,0.181,0.213,0.222,0.436,20,9,2.38,1.031,32,32,0,227,184,10,50,179
9,Josh Harrison,PIT,NL,2014,52,0,12%,5.6,143,520,77,164,13,52,18,22,0.315,0.347,0.49,0.837,,,,,,,,,,,,
1,Bryce Harper,WSN,NL,2015,420,30,100%,9.7,153,521,118,172,42,99,6,124,0.33,0.46,0.649,1.109,,,,,,,,,,,,
2,Paul Goldschmidt,ARI,NL,2015,234,0,56%,8.3,159,567,103,182,33,110,21,118,0.321,0.435,0.57,1.005,,,,,,,,,,,,
3,Joey Votto,CIN,NL,2015,175,0,42%,7.8,158,545,95,171,29,80,11,143,0.314,0.459,0.541,1,,,,,,,,,,,,
4,Anthony Rizzo,CHC,NL,2015,162,0,39%,6.4,160,586,94,163,31,101,17,78,0.278,0.387,0.512,0.899,,,,,,,,,,,,
5,Andrew McCutchen,PIT,NL,2015,139,0,33%,5,157,566,91,165,23,96,11,98,0.292,0.401,0.488,0.889,,,,,,,,,,,,
6,Jake Arrieta,CHC,NL,2015,134,0,32%,8.6,30,79,5,12,2,2,0,1,0.152,0.163,0.266,0.428,22,6,1.77,0.865,33,33,0,229,150,10,48,236
7,Zack Greinke,LAD,NL,2015,130,0,31%,9.5,30,67,8,15,2,3,1,1,0.224,0.232,0.343,0.575,19,3,1.66,0.844,32,32,0,222.2,148,14,40,200
8,Nolan Arenado,COL,NL,2015,102,0,24%,6.3,157,616,97,177,42,130,2,34,0.287,0.323,0.575,0.898,,,,,,,,,,,,
9,Buster Posey,SFG,NL,2015,84,0,20%,5.9,150,557,74,177,19,95,2,56,0.318,0.379,0.47,0.849,,,,,,,,,,,,
1,Kris Bryant,CHC,NL,2016,415,29,99%,7.3,155,603,121,176,39,102,8,75,0.292,0.385,0.554,0.939,,,,,,,,,,,,
2,Daniel Murphy,WSN,NL,2016,245,1,58%,4.5,142,531,88,184,25,104,5,35,0.347,0.39,0.595,0.985,,,,,,,,,,,,
3,Corey Seager,LAD,NL,2016,240,0,57%,5.2,157,627,105,193,26,72,3,54,0.308,0.365,0.512,0.877,,,,,,,,,,,,
4,Anthony Rizzo,CHC,NL,2016,202,0,48%,5.8,155,583,94,170,32,109,3,74,0.292,0.385,0.544,0.928,,,,,,,,,,,,
5,Nolan Arenado,COL,NL,2016,199,0,47%,5.9,160,618,116,182,41,133,2,68,0.294,0.362,0.57,0.932,,,,,,,,,,,,
6,Freddie Freeman,ATL,NL,2016,129,0,31%,6.3,158,589,102,178,34,91,6,89,0.302,0.4,0.569,0.968,,,,,,,,,,,,
7,Joey Votto,CIN,NL,2016,100,0,24%,4.2,158,556,101,181,29,97,8,108,0.326,0.434,0.55,0.985,,,,,,,,,,,,
8,Yoenis Céspedes,NYM,NL,2016,45,0,11%,3,132,479,72,134,31,86,3,51,0.28,0.354,0.53,0.884,,,,,,,,,,,,
9,Justin Turner,LAD,NL,2016,44,0,10%,5,151,556,79,153,27,90,4,48,0.275,0.339,0.493,0.832,,,,,,,,,,,,
1,Giancarlo Stanton,MIA,NL,2017,302,10,72%,7.9,159,597,123,168,59,132,2,85,0.281,0.376,0.631,1.007,,,,,,,,,,,,
2,Joey Votto,CIN,NL,2017,300,10,71%,8.1,162,559,106,179,36,100,5,134,0.32,0.454,0.578,1.032,,,,,,,,,,,,
3,Paul Goldschmidt,ARI,NL,2017,239,4,57%,6.3,155,558,117,166,36,120,18,94,0.297,0.404,0.563,0.966,,,,,,,,,,,,
4,Nolan Arenado,COL,NL,2017,229,2,55%,6.7,159,606,100,187,37,130,3,62,0.309,0.373,0.586,0.959,,,,,,,,,,,,
5,Charlie Blackmon,COL,NL,2017,205,3,49%,5.5,159,644,137,213,37,104,14,65,0.331,0.399,0.601,1,,,,,,,,,,,,
6,Anthony Rendon,WSN,NL,2017,141,0,34%,6.1,147,508,81,153,25,100,7,84,0.301,0.403,0.533,0.937,,,,,,,,,,,,
7,Kris Bryant,CHC,NL,2017,132,1,31%,5.7,151,549,111,162,29,73,7,95,0.295,0.409,0.537,0.946,,,,,,,,,,,,
8,Justin Turner,LAD,NL,2017,43,0,10%,5.6,130,457,72,147,21,71,7,59,0.322,0.415,0.53,0.945,,,,,,,,,,,,
9,Cody Bellinger,LAD,NL,2017,38,0,9%,3.9,132,480,87,128,39,97,10,64,0.267,0.352,0.581,0.933,,,,,,,,,,,,
1,Christian Yelich,MIL,NL,2018,415,29,99%,7.3,147,574,118,187,36,110,22,68,0.326,0.402,0.598,1,,,,,,,,,,,,
2,Javier Báez,CHC,NL,2018,250,0,60%,6.4,160,606,101,176,34,111,21,29,0.29,0.326,0.554,0.881,,,,,,,,,,,,
3,Nolan Arenado,COL,NL,2018,203,0,48%,6.4,156,590,104,175,38,110,2,73,0.297,0.374,0.561,0.935,,,,,,,,,,,,
4,Freddie Freeman,ATL,NL,2018,174,0,41%,5.5,162,618,94,191,23,98,10,76,0.309,0.388,0.505,0.892,,,,,,,,,,,,
5,Jacob deGrom,NYM,NL,2018,141,1,34%,9.9,30,67,1,11,0,5,0,4,0.164,0.211,0.179,0.39,10,9,1.7,0.912,32,32,0,217,152,10,46,269
6,Paul Goldschmidt,ARI,NL,2018,115,0,27%,5.5,158,593,95,172,33,83,7,90,0.29,0.389,0.533,0.922,,,,,,,,,,,,
7,Lorenzo Cain,MIL,NL,2018,109,0,26%,6.9,141,539,90,166,10,38,30,71,0.308,0.395,0.417,0.813,,,,,,,,,,,,
8,Trevor Story,COL,NL,2018,108,0,26%,6.2,157,598,88,174,37,108,27,47,0.291,0.348,0.567,0.914,,,,,,,,,,,,
9,Matt Carpenter,STL,NL,2018,105,0,25%,4.4,156,564,111,145,36,81,4,102,0.257,0.374,0.523,0.897,,,,,,,,,,,,
1,Cody Bellinger,LAD,NL,2019,362,19,86%,8.6,156,558,121,170,47,115,15,95,0.305,0.406,0.629,1.035,,,,,,,,,,,,
2,Christian Yelich,MIL,NL,2019,317,10,75%,7,130,489,100,161,44,97,30,80,0.329,0.429,0.671,1.1,,,,,,,,,,,,
3,Anthony Rendon,WSN,NL,2019,242,1,58%,7.1,146,545,117,174,34,126,5,80,0.319,0.412,0.598,1.01,,,,,,,,,,,,
4,Ketel Marte,ARI,NL,2019,198,0,47%,6.9,144,569,97,187,32,92,10,53,0.329,0.389,0.592,0.981,,,,,,,,,,,,
5,Ronald Acuña Jr.,ATL,NL,2019,155,0,37%,5.1,156,626,127,175,41,101,37,76,0.28,0.365,0.518,0.883,,,,,,,,,,,,
6,Nolan Arenado,COL,NL,2019,120,0,29%,7.3,155,588,102,185,41,118,3,62,0.315,0.379,0.583,0.962,,,,,,,,,,,,
7,Pete Alonso,NYM,NL,2019,102,0,24%,5.5,161,597,103,155,53,120,1,72,0.26,0.358,0.583,0.941,,,,,,,,,,,,
8,Freddie Freeman,ATL,NL,2019,90,0,21%,3.7,158,597,113,176,38,121,6,87,0.295,0.389,0.549,0.938,,,,,,,,,,,,
9,Juan Soto,WSN,NL,2019,45,0,11%,5,150,542,110,153,34,110,12,108,0.282,0.401,0.548,0.949,,,,,,,,,,,,
1,Freddie Freeman,ATL,NL,2020,410,28,98%,3.3,60,214,51,73,13,53,2,45,0.341,0.462,0.64,1.102,,,,,,,,,,,,
2,Mookie Betts,LAD,NL,2020,268,2,64%,3.6,55,219,47,64,16,39,10,24,0.292,0.366,0.562,0.927,,,,,,,,,,,,
3,Manny Machado,SDP,NL,2020,221,0,53%,3.2,60,224,44,68,16,47,6,26,0.304,0.37,0.58,0.95,,,,,,,,,,,,
4,Fernando Tatis Jr.,SDP,NL,2020,201,0,48%,2.8,59,224,50,62,17,45,11,27,0.277,0.366,0.571,0.937,,,,,,,,,,,,
5,Juan Soto,WSN,NL,2020,172,0,41%,2.4,47,154,39,54,13,37,6,41,0.351,0.49,0.695,1.185,,,,,,,,,,,,
6,Marcell Ozuna,ATL,NL,2020,167,0,40%,2.6,60,228,38,77,18,56,0,38,0.338,0.431,0.636,1.067,,,,,,,,,,,,
7,Trea Turner,WSN,NL,2020,83,0,20%,2.8,59,233,46,78,12,41,12,22,0.335,0.394,0.588,0.982,,,,,,,,,,,,
8,Mike Yastrzemski,SFG,NL,2020,81,0,19%,2.7,54,192,39,57,10,35,2,30,0.297,0.4,0.568,0.968,,,,,,,,,,,,
9,Corey Seager,LAD,NL,2020,43,0,10%,2.1,52,212,38,65,15,41,1,17,0.307,0.358,0.585,0.943,,,,,,,,,,,,
1,Bryce Harper,PHI,NL,2021,348,17,83%,5.9,141,488,101,151,35,84,13,100,0.309,0.429,0.615,1.044,,,,,,,,,,,,
2,Juan Soto,WSN,NL,2021,274,6,65%,7.1,151,502,111,157,29,95,9,145,0.313,0.465,0.534,0.999,,,,,,,,,,,,
3,Fernando Tatis Jr.,SDP,NL,2021,244,2,58%,6.6,130,478,99,135,42,97,25,62,0.282,0.364,0.611,0.975,,,,,,,,,,,,
4,Brandon Crawford,SFG,NL,2021,213,4,51%,6.1,138,483,79,144,24,90,11,56,0.298,0.373,0.522,0.895,,,,,,,,,,,,
5,Trea Turner,TOT,NL,2021,185,1,44%,6.4,148,595,107,195,28,77,32,41,0.328,0.375,0.536,0.911,,,,,,,,,,,,
6,Paul Goldschmidt,STL,NL,2021,128,0,30%,6,158,603,102,177,31,99,12,67,0.294,0.365,0.514,0.879,,,,,,,,,,,,
7,Austin Riley,ATL,NL,2021,111,0,26%,6.3,160,590,91,179,33,107,0,52,0.303,0.367,0.531,0.898,,,,,,,,,,,,
8,Tyler O'Neill,STL,NL,2021,62,0,15%,6.1,138,482,89,138,34,80,15,38,0.286,0.352,0.56,0.912,,,,,,,,,,,,
9,Freddie Freeman,ATL,NL,2021,43,0,10%,4.9,159,600,120,180,31,83,8,85,0.3,0.393,0.503,0.896,,,,,,,,,,,,
1,Paul Goldschmidt,STL,NL,2022,380,22,90%,7.7,151,561,106,178,35,115,7,79,0.317,0.404,0.578,0.981,,,,,,,,,,,,
2,Manny Machado,SDP,NL,2022,291,7,69%,6.7,150,578,100,172,32,102,9,63,0.298,0.366,0.531,0.898,,,,,,,,,,,,
3,Nolan Arenado,STL,NL,2022,232,1,55%,7.7,148,557,73,163,30,103,5,52,0.293,0.358,0.533,0.891,,,,,,,,,,,,
4,Freddie Freeman,LAD,NL,2022,220,0,52%,6.2,159,612,117,199,21,100,13,84,0.325,0.407,0.511,0.918,,,,,,,,,,,,
5,Mookie Betts,LAD,NL,2022,154,0,37%,6.7,142,572,117,154,35,82,12,55,0.269,0.34,0.533,0.873,,,,,,,,,,,,
6,Austin Riley,ATL,NL,2022,116,0,28%,6.3,159,615,90,168,38,93,2,57,0.273,0.349,0.528,0.878,,,,,,,,,,,,
7,J.T. Realmuto,PHI,NL,2022,98,0,23%,6.6,139,504,75,139,22,84,21,41,0.276,0.342,0.478,0.82,,,,,,,,,,,,
8,Pete Alonso,NYM,NL,2022,81,0,19%,4.4,160,597,95,162,40,131,5,67,0.271,0.352,0.518,0.869,,,,,,,,,,,,
9,Francisco Lindor,NYM,NL,2022,77,0,18%,5.6,161,630,98,170,26,107,16,59,0.27,0.339,0.449,0.788,,,,,,,,,,,,
